id,english,česky
1,komický,comic
2,chemie,chemistry
3,fyzika,physics
4,do,abroad
5,umělý,abortion
6,u,at
7,atraktivní,attractive
8,být,be
9,chlapec,boy
10,ale,but
11,každý,every
12,rodina,family
13,plochý,flat
14,pro,for
15,dobrý,good
16,zde,here
17,práce,job
18,láska,love
19,štastný,lucky
20,pěkný,nice
21,ne,no
22,lidé,people
23,ten,this
24,čas,time
25,velice,very
26,kdo,who
27,proč,why
28,začít,start
29,o,about
30,opět,again
31,zaneprázdněný,busy
32,nechat,let
33,potkat,meet
34,pojmenovat,name
35,nový,new
36,na,on
37,nebo,or
38,tam,there
39,tito,these
40,ti,those
41,žena,woman
42,když,as
43,právě,just
44,noc,night
45,malý,little
46,postel,bed
47,ložnice,bedroom
48,dokončit,finish
49,jít,go
50,půl,half
51,domov,home
52,domácí,homework
53,příběh,story
54,čaj,tea
55,dnes,tonight
56,také,too
57,psát,write
58,časně,early
59,jiný,unlike
60,schopný,able
61,veškerý,all
62,obtížný,difficult
63,snadný,easy
64,cizí,foreign
65,život,life
66,omyl,mistake
67,jistý,sure
68,to,that
69,titul,title
70,společně,together
71,pravdivý,true
72,nějaký,some
73,jaký,what
74,hlas,voice
75,velký,large
76,ovoce,fruit
77,za,behind
78,zvýšit,increase
79,pozvat,invite
80,spíše,rather
81,tehdy,then
82,návštěva,visit
83,ještě,still
84,po,after
85,pohodlný,comfortable
86,vynikající,excellent
87,přátelský,friendly
88,host,guest
89,žertovat,joke
90,rozkošný,lovely
91,který,which
92,dost,enough
93,další,another
94,oděvy,clothing
95,jiný,else
96,rád,glad
97,jestliže,if
98,většina,most
99,další,next
100,jiný,other
101,docela,quite
102,něco,something
103,dosud,yet
104,určitě,certainly
105,kopie,copy
106,košíková,basketball
107,před,before
108,mezi,between
109,zaujatý,interested
110,vnější,outside
111,dát,put
112,předmět,subject
113,lístek,ticket
114,zima,winter
115,přední,leading
116,víc,more
117,usmívat,smile
118,celek,whole
119,hudba,music
120,divadlo,theater
121,podél,along
122,topení,heating
123,květina,flower
124,potraviny,food
125,horký,hot
126,záznam,record
127,strana,side
128,brzy,soon
129,nehoda,accident
130,modrý,blue
131,lékař,doctor
132,daleko,far
133,minulý,last
134,zbylý,left
135,rychlý,quick
136,rychle,quickly
137,obchod,shop
138,ulice,street
139,strašný,terrible
140,doprava,traffic
141,otáčet,turn
142,různý,various
143,bílý,white
144,porovnat,compare
145,východ,east
146,západ,west
147,fotoaparát,camera
148,plný,full
149,sever,north
150,letadlo,plane
151,připravený,ready
152,zůstat,stay
153,obyvatelstvo,population
154,přístav,port
155,místo,site
156,nemocný,ill
157,sebemenší,least
158,méně,less
159,sám,alone
160,pivo,beer
161,džus,juice
162,dáma,lady
163,maso,meat
164,rýže,rice
165,omáčka,sauce
166,polévka,soup
167,nejhorší,worst
168,nůž,knife
169,široký,wide
170,láhev,bottle
171,máslo,butter
172,sýr,cheese
173,smetana,cream
174,možný,possible
175,sůl,salt
176,nakupování,shopping
177,prodej,sale
178,kdokoli,anybody
179,cokoliv,anything
180,špatný,bad
181,rychlý,fast
182,zdravý,healthy
183,lékařský,medical
184,nikdo,nobody
185,na,onto
186,krátký,short
187,věda,science
188,narozený,born
189,opravdu,really
190,obloha,sky
191,údolí,valley
192,září,september
193,častý,frequent
194,mokrý,wet
195,automatizační,automation
196,zlepšit,improve
197,plán,plan
198,klobouk,hat
199,způsob,manner
200,sukně,skirt
201,ochranná,trademark
202,herectví,acting
203,drama,drama
204,nenávidět,hate
205,skoro,nearly
206,až,until
207,biologie,biology
208,zranit,hurt
209,možná,maybe
210,procento,percent
211,všude,everywhere
212,uvnitř,inside
213,princ,prince
214,královna,queen
215,královský,royal
216,neznámý,unknown
217,pod,below
218,mezinárodní,international
219,se,myself
220,divoká,wildlife
221,schopnost,ability
222,přesnost,accuracy
223,předchozí,previous
224,úplně,entirely
225,vzít,take
226,podnebí,climate
227,nedaleko,nearby
228,teplota,temperature
229,spravedlivý,fair
230,stroje,machinery
231,příjemný,pleasant
232,poskytnout,provide
233,v,worth
234,garáž,garage
235,v,within
236,auto,automobile
237,rádio,radio
238,nad,above
239,vhodný,convenient
240,oheň,fire
241,lázně,spa
242,styl,style
243,datum,date
244,obnovení,restoration
245,dobytek,cattle
246,slavný,famous
247,hlavní,major
248,severozápad,northwest
249,poezie,poetry
250,naprosto,absolutely
251,rada,advice
252,scéna,scene
253,adresa,address
254,naprosto,completely
255,zmenšit,reduce
256,konečně,finally
257,přání,wish
258,lokalizovat,locate
259,policie,police
260,přesný,exact
261,americký,football
262,obrovský,huge
263,sólový,solo
264,podpis,signature
265,slavit,celebrate
266,legrace,fun
267,rameno,shoulder
268,zastupitelství,agency
269,duch,ghost
270,přistěhovalectví,immigration
271,mír,peace
272,široce,widely
273,horko,heat
274,nepřítomný,absent
275,uhlí,coal
276,vážný,severe
277,federace,federation
278,prérie,prairie
279,provincie,province
280,čistý,pure
281,nalezený,found
282,opera,opera
283,dobrovolný,voluntary
284,pomocí,by
285,invalida,invalid
286,příjem,income
287,naplněný,packed
288,dostat,receive
289,víno,wine
290,druh,sort
291,vyhrát,win
292,vzdělání,education
293,účet,account
294,federální,federal
295,ranč,ranch
296,zlato,gold
297,mrtvý,gone
298,dálnice,highway
299,železnice,railroad
300,stříbro,silver
301,divoký,wild
302,behěm,throughout
303,třídit,grade
304,tichý,pacific
305,slohová,essay
306,železnice,railway
307,odpočinek,recreation
308,prostě,simply
309,kdežto,whereas
310,stárnoucí,aging
311,vyčerpávající,comprehensive
312,právní,legal
313,býk,bull
314,kůň,horse
315,zneužít,abuse
316,ubytování,accommodation
317,jednat,act
318,jednání,action
319,letitý,aged
320,neoznačný,anonymous
321,lehká,athletics
322,vhodný,appropriate
323,vedlejší,clause
324,nesprávný,false
325,odpovědět,respond
326,ztracený,lost
327,muset,must
328,díra,hole
329,jazyk,tongue
330,náhrdelník,necklace
331,kromě,except
332,také,neither
333,horečka,fever
334,zdravotní,nurse
335,kost,bone
336,pyšný,proud
337,stvrzenka,receipt
338,hrdlo,throat
339,nicméně,however
340,měď,copper
341,pobřeží,coast
342,síť,net
343,dotknout,touch
344,vyzrálý,ripe
345,souhlas,consent
346,komponovaný,composed
347,zachování,preservation
348,náhradní,spare
349,neřest,vice
350,fáze,phase
351,kotva,anchor
352,díky,thanks
353,e,email
354,je,them
355,ahoj,hello
356,slunečný,sunny
357,přesně,exactly
358,běh,running
359,fotbal,soccer
360,golf,golf
361,plavání,swimming
362,dar,gift
363,hrdina,hero
364,kolo,bike
365,sedět,sit
366,dolar,dollar
367,programové,software
368,prohrát,lose
369,letectví,aviation
370,muž,man
371,nemožný,impossible
372,opatrně,carefully
373,průkopník,pioneer
374,vydat,publish
375,vzorek,sample
376,balíček,packet
377,med,honey
378,promiňte,sorry
379,bezpečný,safe
380,vysoký,tall
381,chrám,temple
382,chudoba,poverty
383,klenoty,jewellery
384,růžový,pink
385,ovlivnit,affect
386,sval,muscle
387,pohostinnost,hospitality
388,balení,packing
389,sluneční,sunshine
390,paprsek,ray
391,záchod,toilet
392,domácí,pet
393,dovolit,allow
394,trochu,slightly
395,nemocný,sick
396,volno,leisure
397,čest,honor
398,lov,hunting
399,písek,sand
400,náboženský,religious
401,obsazený,engaged
402,usilovat,struggle
403,led,ice
404,nebe,heaven
405,dálkový,remote
406,recepce,reception
407,vysoká,deer
408,opravdu,truly
409,pověst,reputation
410,konečný,ultimate
411,z,frozen
412,pravý,genuine
413,hledat,seek
414,chlápek,guy
415,výcvik,training
416,zoufalý,desperate
417,doopravdy,actually
418,sraz,reunion
419,hudba,soundtrack
420,příběh,tale
421,dopravní,transportation
422,automobilový,automotive
423,ropa,petroleum
424,telekominikace,telecommunications
425,způsobilost,fitness
426,vybrat,select
427,balení,packaging
428,financování,funding
429,vzorec,formula
430,výstřižek,cutting
431,nezákonný,illegal
432,zákonodárství,legislation
433,nedávný,recent
434,stejně,equally
435,myš,mouse
436,rozržení,layout
437,pravdivý,designated
438,pasta,paste
439,pravděpodobně,likely
440,související,related
441,podrobit,submit
442,správa,administration
443,stranou,apart
444,rozsah,scale
445,spolehlivost,reliability
446,vypínač,switch
447,oživit,boost
448,účinnost,effectiveness
449,v,downtown
450,zavedený,established
451,oddaný,dedicated
452,virtuální,virtual
453,ty,you
454,čtyři,four
455,osm,eight
456,dvanáct,twelve
457,pes,dog
458,tvůj,your
459,nos,nose
460,oko,eye
461,opice,monkey
462,nohy,feet
463,jezero,lake
464,dvacet,twenty
465,směsice,mixture
466,bláznivý,crazy
467,hraní,playing
468,jedení,eating
469,tkáň,tissue
470,pití,drinking
471,ven,out
472,vlna,wave
473,informace,information
474,studio,studio
475,kdekoliv,anywhere
476,šílený,mad
477,důvěra,confidence
478,uspokojení,satisfaction
479,zdvořilost,courtesy
480,podnět,initiative
481,každý,everyone
482,vstup,input
483,exkluzivní,exclusive
484,obnovit,restore
485,vir,virus
486,do,to
487,jejich,their
488,skupina,group
489,prodej,selling
490,příručka,guide
491,hrnec,pot
492,velkolepý,spectacular
493,táboření,camping
494,bylinný,herbal
495,čestný,honest
496,lékařský,diagnosis
497,vlk,wolf
498,snadno,easily
499,bohatství,wealth
500,zastřešený,covered
501,úhel,angle
502,vzácný,precious
503,přimo,directly
504,dřívější,earlier
505,sotva,hardly
506,oblačný,cloudy
507,sopořádaný,ordered
508,požadovaný,required
509,dřevěný,wooden
510,učený,learned
511,kladný,positive
512,běžný,ordinary
513,oholený,shaved
514,tichý,silent
515,zpříma,straight
516,šedivý,gray
517,hlavně,primarily
518,taxík,cab
519,výbor,committee
520,konference,conference
521,autorské,copyright
522,odjezd,departure
523,zkáza,destruction
524,rozmanitý,diverse
525,domácí,domestic
526,tucet,dozen
527,kterýkoliv,either
528,stávající,existing
529,nepřítomnost,absence
530,přístup,access
531,aktivní,active
532,zahrádkářství,gardening
533,globus,globe
534,přístav,harbor
535,palec,inch
536,začlenění,integration
537,radost,joy
538,játra,liver
539,velkoměstský,metropolitan
540,bezdrátový,wireless
541,ušlechtilý,noble
542,zjevný,obvious
543,výstupní,output
544,přehlídka,parade
545,slovní,phrase
546,borovice,pine
547,prezidentský,presidential
548,zadní,rear
549,krajový,regional
550,skalnatý,rocky
551,zastřihnout,trim
552,krocan,turkey
553,přes,via
554,doplňky,accessories
555,družice,satellite
556,uspokojit,satisfy
557,schéma,scheme
558,tajemník,secretary
559,prostředí,setting
560,jihovýchodní,southeast
561,akustický,acoustic
562,kotouč,disc
563,přijetí,acceptance
564,zvýšený,added
565,drát,wire
566,přijatelný,acceptable
567,boj,combat
568,popel,ash
569,video,video
570,naprostý,absolute
571,zadaný,assignment
572,podrobný,detailed
573,tabák,tobacco
574,spolupráce,collaboration
575,cukrovka,diabetes
576,abstraktní,abstract
577,účetnictví,accounting
578,akademický,academic
579,stránka,aspect
580,přežití,survival
581,vnímající,aware
582,získání,acquisition
583,podle,according
584,jihozápadní,southwest
585,zdrhovadlo,zip
586,vzdělávací,educational
587,rovnost,equality
588,fanoušek,fan
589,rozumová,intelligence
590,vedení,leadership
591,literární,literary
592,muž,male
593,náhled,outlook
594,možná,possibly
595,rehabilitace,rehabilitation
596,ulevit,relief
597,v,respectively
598,stoh,rick
599,adaptér,adapter
600,dále,additionally
601,papírování,admin
602,vepřovice,adobe
603,aljašský,alaska
604,kdokoliv,anyone
605,podloubí,arcade
606,vznikající,arising
607,mítink,rally
608,bestialita,bestiality
609,bingo,bingo
610,nakupování,buying
611,vápník,calcium
612,mys,cape
613,působící,causing
614,klinický,clinical
615,barevný,colored
616,slučitelný,compatible
617,stlačený,compressed
618,scelování,consolidation
619,bednář,cooper
620,správně,correctly
621,kormidelník,cox
622,dánský,danish
623,žleb,dell
624,schéma,diagram
625,jídelní,dining
626,dokumentace,documentation
627,základní,elementary
628,vybavený,equipped
629,vyjma,excluding
630,zkušený,experienced
631,boj,fighting
632,napření,focusing
633,gel,gel
634,žánr,genre
635,dávající,giving
636,rostocí,growing
637,léčení,healing
638,identifikující,identifying
639,uložený,imposed
640,zahrnutý,included
641,zájezdní,inn
642,uvozený,introduced
643,sojka,jay
644,džez,jazz
645,učení,learning
646,přihlášení,login
647,nákupní,mall
648,matematický,mathematical
649,odměrný,measuring
650,mega,mega
651,mechanický,mechanical
652,mikrák,mike
653,mlynář,miller
654,zkratka,mod
655,moderátor,moderator
656,hudební,musical
657,buzík,nancy
658,severovýchodní,northeast
659,kost,os
660,přesáhnout,outreach
661,zámořský,overseas
662,podílející,participating
663,fyziologie,physiology
664,platina,platinum
665,papež,pope
666,portugalský,portuguese
667,těhotenství,pregnancy
668,jmenovitý,rated
669,dojetí,reaching
670,čidlo,receptor
671,chechtáky,rocks
672,rozumím,roger
673,tulák,rover
674,písečný,sandy
675,sdílený,shared
676,měl,should
677,otrok,slave
678,coura,slut
679,nehybný,static
680,statistické,stats
681,síla,strength
682,silně,strongly
683,střádající,sub
684,soubor,syndrome
685,prst,toe
686,stopař,tracker
687,namáhavý,trying
688,jednotný,united
689,pomocí,using
690,proměnná,variable
691,vinyl,vinyl
692,chodec,walker
693,hurá,yahoo
694,spolupachatel,accessory
695,aktivizace,activation
696,závislost,addiction
697,přidávání,adding
698,adresováný,addressed
699,poradní,advisory
700,alokovaný,allocated
701,jantar,amber
702,tykadlo,antenna
703,bisexuál,bi
704,melancholie,blues
705,diftongizace,breaking
706,klikání,clicking
707,sloučený,consolidated
708,navrhování,designing
709,zábava,entertainment
710,večer,eve
711,vztahující,faced
712,dát,give
713,tvrdé,hardcore
714,mající,headed
715,snad,hopefully
716,zahrnovat,include
717,zápočet,inclusion
718,se,itself
719,páčidlo,jimmy
720,rytíř,knight
721,laborka,lab
722,plášť,mac
723,makro,macro
724,rozvážný,measured
725,mikro,micro
726,uzlina,node
727,obsazený,occupied
728,využívání,outsourcing
729,lékárna,pharmacy
730,vybraný,picked
731,plazmový,plasma
732,hraný,played
733,nedovolený,prohibited
734,doporučený,registered
735,skórování,scoring
736,obsloužený,served
737,naloděný,shipped
738,stanovený,stated
739,překvapený,surprised
740,námět,theme
741,terapeutický,therapeutic
742,tepelný,thermal
743,trojitý,triple
744,zrakový,visual
745,zpracovaný,worked
746,ty,ya
747,získaný,acquired
748,advokacie,advocacy
749,přičleněný,affiliated
750,amazonka,amazon
751,ve,beta
752,zhodnocený,evaluated
753,pěna,foam
754,soustředěný,focused
755,zobrazovací,imaging
756,včetně,inclusive
757,omezený,limited
758,farnost,parish
759,vyčurat,pee
760,provádějící,performing
761,připravování,preparing
762,horský,ridge
763,statutární,statutory
764,domnělý,supposed
765,šablona,template
766,kdykoli,whenever
767,odpovídajícím,accordingly
768,o,against
769,dohodnutý,agreed
770,pohupovat,bob
771,způsobilost,eligibility
772,doprovod,escort
773,v,incorporated
774,informovat,inform
775,matice,matrix
776,minimum,minimum
777,opatrující,nursing
778,jsoucí,opposed
779,přes,overnight
780,nábor,recruitment
781,žijící,separated
782,nerezový,stainless
783,tribun,tribune
784,káď,tub
785,řítit,zoom
786,dovolený,allowed
787,hodící,applicable
788,poměrný,comparative
789,létající,flying
790,způsob,mode
791,z,of
792,obnovení,renewal
793,výdaje,spending
794,opravdový,actual
795,vedený,conducted
796,nahý,nude
797,urážlivý,offensive
798,banda,bunch
799,donutit,force
800,tryskání,jet
801,prošetřovat,probe
802,posvátný,sacred
803,zákon,statute
804,strojený,affected
805,ve,alert
806,keř,bush
807,homosexuál,gay
808,hlavní,prime
809,prut,rod
810,pozastavení,suspension
811,melodie,tune
812,škola,school
813,syn,son
814,sport,sport
815,narozeniny,birthday
816,jak,how
817,snídaně,breakfast
818,dlouho,long
819,noviny,newspaper
820,sestra,sister
821,hodina,hour
822,firma,firm
823,oddělení,section
824,nadání,talent
825,svět,world
826,rodič,parent
827,znamenat,mean
828,partner,partner
829,návštěvník,visitor
830,dokonce,even
831,přestat,stop
832,košile,shirt
833,zítra,tomorrow
834,snažit,try
835,nosit,wear
836,zvláštní,special
837,univerzita,university
838,vést,lead
839,běžet,run
840,tým,team
841,prodat,sell
842,družstvo,cooperative
843,další,extra
844,naděje,hope
845,lampa,lamp
846,píseň,song
847,pásek,tape
848,zeď,wall
849,říkat,call
850,střed,center
851,křížek,cross
852,hluk,noise
853,otevřít,open
854,červený,red
855,pamatovat,remember
856,žlutý,yellow
857,sladký,sweet
858,letiště,airport
859,fotografie,photograph
860,poslat,send
861,území,territory
862,smutný,sad
863,přeložit,translate
864,marmeláda,jam
865,místní,local
866,papír,paper
867,konzerva,tin
868,řídit,drive
869,služba,service
870,válka,war
871,těžký,heavy
872,mapa,map
873,okamžik,moment
874,řeka,river
875,roční,season
876,léto,summer
877,turista,tourist
878,dřevo,wood
879,tlustý,thick
880,nedostatek,lack
881,linka,line
882,strom,tree
883,vesnice,village
884,návrhář,designer
885,skutečný,real
886,pravidelný,regular
887,překvapit,surprise
888,rozbít,break
889,matematika,mathematics
890,les,forest
891,ustoupit,yield
892,sto,hundred
893,moře,sea
894,říci,tell
895,zahájit,mount
896,ostrov,island
897,prázdniny,vacation
898,pásmo,zone
899,ukázat,show
900,odborník,specialist
901,velká,corporation
902,ekonomie,economy
903,rostlina,plant
904,lev,lion
905,oblast,region
906,rozprostřít,spread
907,návrh,suggestion
908,původní,original
909,majetek,property
910,sloučit,combine
911,zvýšení,rise
912,separát,separate
913,čtenář,reader
914,až,till
915,pošta,mail
916,miliarda,billion
917,průzkum,exploration
918,měsíc,moon
919,pořadač,file
920,dopředu,forward
921,položka,item
922,odkaz,reference
923,svetr,jersey
924,pán,master
925,mistrovství,championship
926,sníh,snow
927,nula,zero
928,svatý,saint
929,norma,standard
930,úspěch,achievement
931,mzda,wage
932,člun,boat
933,uvědomit,realize
934,místo,spot
935,společnost,society
936,systém,system
937,krajina,landscape
938,úspora,saving
939,urovnání,settlement
940,celková,total
941,zvíře,animal
942,sázka,bet
943,pomalý,slow
944,stezka,trail
945,nezbytný,essential
946,situace,situation
947,biskup,bishop
948,ocel,steel
949,přepych,luxury
950,výsledek,result
951,léčba,treatment
952,dobrodružství,adventure
953,alkohol,alcohol
954,spojenectví,alliance
955,četnost,frequency
956,množství,quantity
957,týkat,relate
958,řada,sequence
959,tvrzení,thesis
960,shrnutí,summary
961,chirurgický,surgery
962,trenér,trainer
963,ocas,tail
964,semeno,seed
965,houpat,swing
966,bezpečnost,safety
967,stín,shadow
968,klacek,stick
969,poklonit,bow
970,boží,divine
971,vitrína,showcase
972,čtení,reading
973,maketa,model
974,teplý,warm
975,křídlo,wing
976,televize,television
977,nic,nothing
978,přednáška,lecture
979,přítel,friend
980,filozofie,philosophy
981,celosvětový,worldwide
982,oliva,olive
983,třešeň,cherry
984,bojovat,fight
985,pravda,truth
986,románek,romance
987,bouřka,storm
988,bezpečnost,security
989,posílat,text
990,guma,rubber
991,mysl,mind
992,oddělení,ward
993,diamant,diamond
994,voják,soldier
995,poskakovat,skip
996,surový,raw
997,dovednost,skill
998,okolo,round
999,rakovina,cancer
1000,vítěz,winner
1001,knoflík,button
1002,hřebík,nail
1003,symbol,symbol
1004,kurz,course
1005,varování,warning
1006,farmaceutický,pharmaceutical
1007,maloobchodní,retail
1008,projekt,project
1009,dodavatel,supplier
1010,agenda,agenda
1011,celkový,overall
1012,proměna,transformation
1013,doporučení,recommendation
1014,zaměřit,focus
1015,databáze,database
1016,scénař,script
1017,zástupce,agent
1018,nápor,strain
1019,kláda,log
1020,izolovaný,isolated
1021,skladování,storage
1022,kazeta,cassette
1023,tři,three
1024,panenka,doll
1025,špatný,wrong
1026,pavouk,spider
1027,silný,strong
1028,tvoření,making
1029,plánování,planning
1030,tunel,tunnel
1031,jasný,bright
1032,visačka,tag
1033,poslání,mission
1034,vzpomínat,recall
1035,propojení,combination
1036,poloha,location
1037,zasedání,session
1038,stánkový,vendor
1039,určitý,specific
1040,příjemce,recipient
1041,úloha,task
1042,zotavení,recovery
1043,server,server
1044,moci,can
1045,zobcová,recorder
1046,porazit,beat
1047,vyznání,religion
1048,soud,trial
1049,zaměstnanec,employee
1050,důkaz,proof
1051,bronz,bronze
1052,sčítání,census
1053,desetiletí,decade
1054,album,album
1055,dědictví,heritage
1056,yard,yard
1057,naložit,load
1058,námořnictvo,navy
1059,zbraň,weapon
1060,procentní,percentage
1061,snížení,reduction
1062,udržet,retain
1063,oloupit,rob
1064,používání,usage
1065,veterán,veteran
1066,plat,salary
1067,stipendium,scholarship
1068,výběr,selection
1069,prodávající,seller
1070,list,sheet
1071,zvuk,sound
1072,specialita,specialty
1073,přičlenit,affiliate
1074,mýtné,toll
1075,vidění,vision
1076,kyselina,acid
1077,dostatečný,sufficient
1078,stadion,stadium
1079,nádrž,tank
1080,jednota,unity
1081,akcie,stock
1082,znepokojení,alarm
1083,liberální,liberal
1084,hedvábí,silk
1085,kůže,skin
1086,upřesnit,specify
1087,oddělení,squad
1088,segment,segment
1089,výhoda,advantage
1090,eso,ace
1091,naléhavý,acute
1092,správce,administrator
1093,dospělá,adult
1094,zadavatel,advertiser
1095,odpoledne,afternoon
1096,cizinec,alien
1097,příděl,allocation
1098,anděl,angel
1099,připojování,annotation
1100,udělat,boob
1101,zadek,butt
1102,velbloud,camel
1103,cedr,cedar
1104,koalice,coalition
1105,studený,cold
1106,obměna,variation
1107,přes,across
1108,prvek,element
1109,úvěr,credit
1110,krystal,crystal
1111,opilý,drunk
1112,mísa,basin
1113,držitel,holder
1114,kapitálová,holding
1115,nemocnice,hospital
1116,ukazatel,index
1117,nakládání,loading
1118,uskutečnění,implementation
1119,instruktor,instructor
1120,celé,integer
1121,hever,jack
1122,vražedný,killing
1123,závětří,lee
1124,chata,lodge
1125,výrobce,maker
1126,javor,maple
1127,příjem,revenue
1128,starosta,mayor
1129,měřící,meter
1130,učinit,null
1131,jesle,nursery
1132,organizace,organization
1133,uspořádaný,organized
1134,zaměření,orientation
1135,princezna,princess
1136,hlavní,principal
1137,program,program
1138,odhad,projection
1139,podporovat,promote
1140,ochranný,protective
1141,protokol,protocol
1142,tep,pulse
1143,nejít,puzzle
1144,hledání,quest
1145,rozpoznaný,recognized
1146,nahrávka,recording
1147,vykoupit,redeem
1148,prinájem,rental
1149,odpovědět,reply
1150,reprodukce,reproduction
1151,jezdec,rider
1152,scénář,scenario
1153,odběr,sampling
1154,břeh,shore
1155,zavřít,shut
1156,hřích,sin
1157,spaní,sleeping
1158,duše,soul
1159,špion,spy
1160,sponsorovat,sponsor
1161,pocházet,stem
1162,trpět,suffer
1163,nevyléčitelný,terminal
1164,ukončení,termination
1165,terorista,terrorist
1166,poučka,theorem
1167,věž,tower
1168,černošské,township
1169,transakce,transaction
1170,vědomosti,understanding
1171,vakuum,vacuum
1172,divák,viewer
1173,porušení,violation
1174,panna,virgin
1175,vitamínový,vitamin
1176,hlasitě,vocal
1177,vítězný,winning
1178,získat,acquire
1179,vstup,admission
1180,dodatek,amendment
1181,prasknout,crack
1182,vypouštění,emission
1183,základní,fundamental
1184,Evangelium,gospel
1185,míra,measurement
1186,nabídka,offering
1187,plánovač,planner
1188,police,rack
1189,postavení,rank
1190,oprávněný,authorized
1191,máta,mint
1192,inventář,inventory
1193,nemluvňata,babes
1194,koule,balls
1195,kameník,mason
1196,váčky,bags
1197,karty,cards
1198,pouta,chains
1199,hranolky,chips
1200,okolnosti2,circumstances
1201,náklady,costs
1202,nezbytnosti,essentials
1203,vojenské,exercises
1204,dodatečné,extras
1205,about,feelings
1206,pozemky,grounds
1207,nejdůležitější,highlights
1208,mládež,kids
1209,číča,pussy
1210,listiny,papers
1211,řada,series
1212,tenisky,pumps
1213,móda,fashion
1214,světové,points
1215,přístupný,accessible
1216,přidat,add
1217,sčítání,addition
1218,přizpůsobit,adjust
1219,připustit,admit
1220,přijmout,adopt
1221,přijetí,adoption
1222,postoupit,advance
1223,pokročilý,advanced
1224,reklama,advertisement
1225,dovolit,afford
1226,věk,age
1227,souhlas,agreement
1228,před,ahead
1229,cíl,aim
1230,vzduch,air
1231,střídat,alternate
1232,náhradní,alternative
1233,amatér,amateur
1234,množství,amount
1235,rozbor,analysis
1236,analytik,analyst
1237,rozebrat,analyze
1238,antický,ancient
1239,každoroční,annual
1240,odpovědět,answer
1241,starožitný,antique
1242,zdánlivý,apparent
1243,naléhavá,appeal
1244,zdát,appear
1245,vzhled,appearance
1246,žádost,application
1247,jmenování,appointment
1248,vážit,appreciate
1249,oblast,area
1250,argument,argument
1251,projektant,architect
1252,stavitelství,architecture
1253,paže,arm
1254,zbraně,arms
1255,uspořádaný,arranged
1256,dohoda,arrangement
1257,obžalovaný,accused
1258,výtvarné,art
1259,článek,article
1260,umělý,artificial
1261,pomáhat,assist
1262,spojovat,associate
1263,spojený,associated
1264,sdružení,association
1265,předpokládat,assume
1266,připevnit,attach
1267,lpící,attached
1268,příloha,attachment
1269,postoj,attitude
1270,přisuzovat,attribute
1271,dražba,auction
1272,obecenstvo,audience
1273,pravomoc,authority
1274,automatický,automatic
1275,dostupný,available
1276,průměr,average
1277,vyhnout,avoid
1278,ocenění,award
1279,ohromný,awesome
1280,držet,balance
1281,zakázat,ban
1282,páska,band
1283,výhodná,bargain
1284,základ,basis
1285,fazol,bean
1286,začátek,beginning
1287,chování,behavior
1288,víra,belief
1289,přijet,arrive
1290,ohnout,bend
1291,užitek,benefit
1292,nejlepší,best
1293,lepší,better
1294,velký,big
1295,účet,bill
1296,blok,block
1297,dmýchat,blow
1298,deska,board
1299,pouto,bond
1300,knížka,book
1301,hranice,border
1302,šéf,boss
1303,spodek,bottom
1304,mísa,bowl
1305,mozek,brain
1306,značka,brand
1307,most,bridge
1308,krátký,brief
1309,přivést,bring
1310,široký,broad
1311,širokopásmové,broadband
1312,vysílání,broadcast
1313,podnikání,business
1314,schopný,capable
1315,kapitán,captain
1316,životní,career
1317,kreslený,cartoon
1318,hotovost,cash
1319,nenucený,casual
1320,katalog,catalogue
1321,chytit,catch
1322,příčina,cause
1323,století,century
1324,jistý,certain
1325,osvědčení,certificate
1326,občan,citizen
1327,občanský,civil
1328,tvrdit,claim
1329,třída,class
1330,klasický,classic
1331,utajovaný,classified
1332,čistý,clean
1333,jasný,clear
1334,cvaknout,click
1335,zákazník,client
1336,klinika,clinic
1337,látka,cloth
1338,klub,club
1339,trenér,coach
1340,mince,coin
1341,sbírat,collect
1342,sebraný,collected
1343,sbírka,collection
1344,společný,collective
1345,sběratel,collector
1346,pohodlí,comfort
1347,nadcházející,coming
1348,poručit,command
1349,spáchat,commit
1350,běžný,common
1351,kompaktní,compact
1352,společník,companion
1353,společnost,company
1354,srovnání,comparison
1355,soutěžit,compete
1356,konkureční,competitive
1357,mající,concerned
1358,koncert,concert
1359,závěr,conclusion
1360,stav,condition
1361,vést,conduct
1362,potvrdit,confirm
1363,střet,conflict
1364,spojit,connect
1365,vztah,connection
1366,ochrana,conservation
1367,konzervativní,conservative
1368,považovat,consider
1369,zvážení,consideration
1370,vzhledem,considering
1371,důsledný,consistent
1372,utěšit,console
1373,primář,consultant
1374,styk,contact
1375,obsahovat,contain
1376,současný,contemporary
1377,obsah,content
1378,pokračovat,continue
1379,nepřetržitý,continuous
1380,smlouva,contract
1381,přispět,contribute
1382,přeměna,conversion
1383,chladný,cool
1384,roh,corner
1385,cena,cost
1386,kostým,costume
1387,bavlna,cotton
1388,sčítání,count
1389,pár,couple
1390,soud,court
1391,zpravodajství,coverage
1392,plavidlo,craft
1393,srážka,crash
1394,zločin,crime
1395,trestný,criminal
1396,plodina,crop
1397,dav,crowd
1398,křižovat,cruise
1399,plakat,cry
1400,kuchyně,cuisine
1401,vyléčit,cure
1402,současný,current
1403,den,day
1404,mrtvý,dead
1405,dohoda,deal
1406,dluh,debt
1407,rozhodnout,decide
1408,vyhlášení,declaration
1409,klesat,decline
1410,snížit,decrease
1411,hluboký,deep
1412,rozhodně,definitely
1413,definice,definition
1414,stupeň,degree
1415,odložit,delay
1416,doručit,deliver
1417,žádat,demand
1418,hustota,density
1419,oddělení,department
1420,záviset,depend
1421,záloha,deposit
1422,hloubka,depth
1423,poušť,desert
1424,navrhnout,design
1425,touha,desire
1426,cíl,destination
1427,zničit,destroy
1428,určit,determine
1429,odhodlaný,determined
1430,vývoj,development
1431,strava,diet
1432,digitální,digital
1433,rozměr,dimension
1434,sleva,discount
1435,objevit,discover
1436,diskuse,discussion
1437,spor,dispute
1438,vzdálenost,distance
1439,oblast,district
1440,rozvod,divorce
1441,počínání,doing
1442,udělaný,done
1443,dávka,dose
1444,pochybnost,doubt
1445,kresba,drawing
1446,tažený,drawn
1447,sen,dream
1448,služba,duty
1449,vydělat,earn
1450,zem,earth
1451,účinek,effect
1452,účinný,effective
1453,účinně,effectively
1454,účinný,efficient
1455,úsilí,effort
1456,elektrický,electric
1457,elektrický,electrical
1458,elektřina,electricity
1459,způsobilý,eligible
1460,odstranit,eliminate
1461,důraz,emphasis
1462,zaměstnaný,employed
1463,zaměstnání,employment
1464,povzbudit,encourage
1465,konec,end
1466,závěr,ending
1467,motor,engine
1468,užívat,enjoy
1469,zvětšit,enlarge
1470,zvětšení,enlargement
1471,nazvaný,entitled
1472,prostředí,environment
1473,rovný,equal
1474,stejný,equivalent
1475,doba,era
1476,pozemek,estate
1477,odhadnout,estimate
1478,událost,event
1479,důkaz,evidence
1480,vývoj,evolution
1481,zkouška,exam
1482,prohlédnout,examine
1483,příklad,example
1484,vyloučit,exclude
1485,vedoucí,executive
1486,uplatňovat,exercise
1487,vyměnit,exchange
1488,rozšířit,expand
1489,zkušenost,experience
1490,pokus,experiment
1491,odborník,expert
1492,vysvětlit,explain
1493,vyvážet,export
1494,vyjádřit,express
1495,projev,expression
1496,táhnout,extend
1497,delší,extended
1498,nástavba,extension
1499,rozsáhlý,extensive
1500,rozsah,extent
1501,vnější,external
1502,tkanina,fabric
1503,fakt,fact
1504,továrna,factory
1505,selhat,fail
1506,víra,faith
1507,padělek,fake
1508,povědomý,familiar
1509,mít,fancy
1510,tlustý,fat
1511,vina,fault
1512,přízeň,favor
1513,nejoblíbenější,favorite
1514,rys,feature
1515,poplatek,fee
1516,cítit,feel
1517,pocit,feeling
1518,trajekt,ferry
1519,beletrie,fiction
1520,pole,field
1521,fík,fig
1522,poslední,final
1523,finančně,finance
1524,najít,find
1525,pěkný,fine
1526,první,first
1527,pasovat,fit
1528,pružnost,flexibility
1529,ohebný,flexible
1530,let,flight
1531,plout,float
1532,záplava,flood
1533,podlaha,floor
1534,proudit,flow
1535,přeložit,fold
1536,složka,folder
1537,noha,foot
1538,předpověď,forecast
1539,navěky,forever
1540,forma,form
1541,oficiální,formal
1542,jmění,fortune
1543,pěstounský,foster
1544,základ,foundation
1545,bezplatný,free
1546,čerstvý,fresh
1547,předek,front
1548,budoucnost,future
1549,získat,gain
1550,výstavní,gallery
1551,hra,game
1552,pokolení,generation
1553,dostat,get
1554,letmý,glance
1555,celosvětový,global
1556,branka,goal
1557,zboží,goods
1558,vláda,government
1559,guvernér,governor
1560,absolvovat,graduate
1561,zrn,grain
1562,finanční,grant
1563,zelený,green
1564,gril,grill
1565,opatrovník,guardian
1566,hádat,guess
1567,provinilý,guilty
1568,tělocvična,gym
1569,ruka,hand
1570,klika,handle
1571,manipulace,handling
1572,stát,happen
1573,tvrdý,hard
1574,železářské,hardware
1575,sklizeň,harvest
1576,hlava,head
1577,nadpis,heading
1578,slyšet,hear
1579,sluch,hearing
1580,srdce,heart
1581,výška,height
1582,vysoký,high
1583,zdůraznit,highlight
1584,vysoce,highly
1585,historický,historical
1586,dovolená,holiday
1587,skákat,hop
1588,dům,house
1589,obecně,household
1590,byty,housing
1591,lidský,human
1592,výzva,challenge
1593,šampión,champion
1594,šance,chance
1595,změna,change
1596,program,channel
1597,zmatek,chaos
1598,povaha,character
1599,dobročinný,charity
1600,půvab,charm
1601,podvádět,cheat
1602,kostkovaný,checked
1603,pokladna,checkout
1604,čip,chip
1605,výběr,choice
1606,ideál,ideal
1607,představa,image
1608,představit,imagine
1609,dovážet,import
1610,související,incident
1611,nezávislý,independent
1612,naznačovat,indicate
1613,ukazatel,indicator
1614,jednotlivý,individual
1615,průmysl,industry
1616,nákaza,infection
1617,zranění,injury
1618,novota,innovation
1619,objekt,installation
1620,případ,instance
1621,ústav,institute
1622,instituce,institution
1623,instituční,institutional
1624,pokyn,instruction
1625,pojištění,insurance
1626,nedílný,integral
1627,intelektuální,intellectual
1628,zamýšlený,intended
1629,usilovný,intensive
1630,zájem,interest
1631,prozatímní,interim
1632,mezilehlý,intermediate
1633,mezidobí,interval
1634,pohovor,interview
1635,zavést,introduce
1636,vložit,invest
1637,investice,investment
1638,vyžadovat,involve
1639,společný,joint
1640,cesta,journey
1641,soudce,judge
1642,soud,judgment
1643,služebně,junior
1644,spravedlnost,justice
1645,držet,keep
1646,klíč,key
1647,druh,kind
1648,kuchyně,kitchen
1649,vědět,know
1650,chápavý,knowing
1651,štítek,label
1652,laboratoř,laboratory
1653,zem,land
1654,odpočívadlo,landing
1655,právo,law
1656,vůdce,leader
1657,odejít,leave
1658,délka,length
1659,lekce,lesson
1660,jak,like
1661,verše,lines
1662,spoj,link
1663,tekutina,liquid
1664,poslouchat,listen
1665,žít,live
1666,zámek,lock
1667,logičnost,logic
1668,volný,loose
1669,pozemek,lot
1670,milující,loving
1671,štěstí,luck
1672,zavazadla,luggage
1673,stroj,machine
1674,udržovat,maintain
1675,většina,majority
1676,řídit,manage
1677,řízení,management
1678,vyrábět,manufacture
1679,výroba,manufacturing
1680,pochodovat,march
1681,skvrna,mark
1682,manželství,marriage
1683,masa,mass
1684,hmota,material
1685,zápas,match
1686,odpovídající,matching
1687,záležitost,matter
1688,dospět,mature
1689,maximální,maximum
1690,jídlo,meal
1691,význam,meaning
1692,lékařství,medicine
1693,člen,member
1694,duševní,mental
1695,podáváná,menu
1696,kov,metal
1697,možná,might
1698,nerost,mineral
1699,ministr,minister
1700,menší,minor
1701,menšina,minority
1702,minuta,minute
1703,minout,miss
1704,pojízdný,mobile
1705,moderní,modern
1706,nálada,mood
1707,hypotéční,mortgage
1708,matka,mother
1709,pohyb,motion
1710,motor,motor
1711,hora,mountain
1712,hnutí,movement
1713,dojemný,moving
1714,vzájemný,mutual
1715,tájemství,mystery
1716,rodný,native
1717,přirozený,natural
1718,příroda,nature
1719,blízko,near
1720,potřebovat,need
1721,záporný,negative
1722,čtvrť,neighborhood
1723,síť,network
1724,nikdy,never
1725,zprávy,news
1726,oznámení,notice
1727,román,novel
1728,předmět,object
1729,cíl,objective
1730,pozorování,observation
1731,přihodit,occur
1732,šance,odds
1733,nabídnout,offer
1734,kancelář,office
1735,starý,old
1736,operace,operation
1737,názor,opinion
1738,možnost,option
1739,původ,origin
1740,vynikající,outstanding
1741,vlastní,own
1742,balíček,pack
1743,bolest,pain
1744,barva,paint
1745,kniha,paperback
1746,minout,pass
1747,chodba,passage
1748,pomíjivý,passing
1749,vášeň,passion
1750,cestovní,passport
1751,poplácat,pat
1752,trpělivý,patient
1753,vzor,pattern
1754,platba,payment
1755,civět,peer
1756,důchod,pension
1757,dokonalý,perfect
1758,naprosto,perfectly
1759,doba,period
1760,povolit,permit
1761,osobnost,personality
1762,personál,personnel
1763,pohled,perspective
1764,petice,petition
1765,fyzický,physical
1766,vybrat,pick
1767,pickup,pickup
1768,pilulka,pill
1769,trubka,pipe
1770,hřiště,pitch
1771,místo,place
1772,umístění,placement
1773,umístění,placing
1774,jednobarevný,plain
1775,umělá,plastic
1776,talíř,plate
1777,pódium,platform
1778,hrát,play
1779,hráč,player
1780,prosím,please
1781,ukázat,point
1782,leštidlo,polish
1783,znečištění,pollution
1784,rybník,pond
1785,chudý,poor
1786,populární,popular
1787,potenciální,potential
1788,moc,power
1789,mocný,powerful
1790,praktický,practical
1791,praktika,practice
1792,upřednostňovat,prefer
1793,přednost,preference
1794,příprava,preparation
1795,lékařský,prescription
1796,zachovat,preserve
1797,prezident,president
1798,tlak,pressure
1799,zabránit,prevent
1800,cena,price
1801,prvořadý,primary
1802,zásada,principle
1803,uveřejnitelný,printable
1804,tisk,printing
1805,převor,prior
1806,vězení,prison
1807,soukromý,private
1808,pravděpodobnost,probability
1809,pravděpodobně,probably
1810,postup,process
1811,procesor,processor
1812,vyvolat,produce
1813,výrobce,producer
1814,výrobek,product
1815,výroba,production
1816,produktivita,productivity
1817,povolání,profession
1818,profesionální,professional
1819,zisk,profit
1820,program,programme
1821,pokrok,progress
1822,pokrokový,progressive
1823,povýšení,promotion
1824,přimět,prompt
1825,část,proportion
1826,veřejný,public
1827,publikování,publication
1828,nákup,purchase
1829,účel,purpose
1830,kvalita,quality
1831,dotaz,query
1832,otázka,question
1833,závod,race
1834,radikální,radical
1835,déšť,rain
1836,duha,rainbow
1837,náhodný,random
1838,tempo,rate
1839,dorazit,reach
1840,důvod,reason
1841,rozumný,reasonable
1842,rozumně,reasonably
1843,recept,recipe
1844,zotavit,recover
1845,odrážet,reflect
1846,reformovat,reform
1847,vrácení,refund
1848,spojitost,relation
1849,příbuzný,relative
1850,podstatný,relevant
1851,zůstat,remain
1852,opravit,repair
1853,nahradit,replace
1854,nahrazení,replacement
1855,zachránit,rescue
1856,výzkumný,research
1857,sídlo,residence
1858,usedlík,resident
1859,obytný,residential
1860,usnesení,resolution
1861,vyřešit,resolve
1862,odhodlaný,resolved
1863,středisko,resort
1864,zdroje,resources
1865,vážit,respect
1866,dotazovaný,respondent
1867,rezervní,rest
1868,přezkoumání,review
1869,státní,revolution
1870,správný,right
1871,bohatý,rich
1872,zavolat,ring
1873,riziko,risk
1874,romantický,romantic
1875,hrubý,rough
1876,cesta,route
1877,běžná,routine
1878,pravidlo,rule
1879,spěchat,rush
1880,zachránit,save
1881,říct,say
1882,rčení,saying
1883,skórovat,score
1884,obrazovka,screen
1885,hledat,search
1886,sekunda,second
1887,druhotný,secondary
1888,zdát,seem
1889,já,self
1890,seminář,seminar
1891,smysl,sense
1892,citlivý,sensitive
1893,trest,sentence
1894,oddělení,separation
1895,tvar,shape
1896,akcie,share
1897,ostrý,sharp
1898,police,shelf
1899,přesunout,shift
1900,sprcha,shower
1901,rozvrh,schedule
1902,zrak,sight
1903,znak,sign
1904,dát,signal
1905,jediný,single
1906,velikost,size
1907,rukáv,sleeve
1908,klouzat,slide
1909,štíhlý,slim
1910,malý,small
1911,elegantní,smart
1912,kouř,smoke
1913,hladký,smooth
1914,hebký,soft
1915,pevný,solid
1916,prostor,space
1917,rozpětí,span
1918,mluvit,speak
1919,řečník,speaker
1920,řeč,speech
1921,špice,spoke
1922,stálý,stable
1923,stoh,stack
1924,personál,staff
1925,stadium,stage
1926,stát,stand
1927,společenské,standing
1928,hvězda,star
1929,stát,state
1930,výrok,statement
1931,statistické,statistics
1932,postavení,status
1933,krok,step
1934,stres,stress
1935,táhnout,stretch
1936,stávkovat,strike
1937,mozková,stroke
1938,struktura,structure
1939,cvoček,stud
1940,studovat,study
1941,věc,stuff
1942,předplatné,subscription
1943,látka,substance
1944,značný,substantial
1945,suplovat,substitute
1946,navrhnout,suggest
1947,oblek,suit
1948,částka,sum
1949,slunce,sun
1950,lepší,superior
1951,dodávat,supply
1952,podporovat,support
1953,předpokládat,suppose
1954,povrch,surface
1955,podezírat,suspect
1956,stůl,table
1957,mluvit,talk
1958,chuť,taste
1959,daň,tax
1960,dočasný,temporary
1961,mít,tend
1962,termín,term
1963,hrůza,terror
1964,tenký,thin
1965,přemýšlivý,thinking
1966,myšlenka,thought
1967,hrozba,threat
1968,těsný,tight
1969,příhodný,timely
1970,načasování,timing
1971,nástroj,tool
1972,vrchol,top
1973,tvrdý,tough
1974,město,town
1975,stezka,track
1976,vlak,train
1977,přeprava,transit
1978,přechod,transition
1979,cestovat,travel
1980,léčit,treat
1981,cesta,trip
1982,věřit,trust
1983,cvičení,tutorial
1984,dvojče,twin
1985,druh,type
1986,typický,typical
1987,stejnokroj,uniform
1988,spojení,union
1989,nahoru,up
1990,svršek,upper
1991,použitý,used
1992,obvyklý,usual
1993,hodnota,value
1994,rozmanitost,variety
1995,lišit,vary
1996,rozsáhlý,vast
1997,vozidlo,vehicle
1998,názor,view
1999,ročník,vintage
2000,objem,volume
2001,hlasovací,vote
2002,chtít,want
2003,plýtvat,waste
2004,sledovat,watch
2005,způsob,way
2006,slabý,weak
2007,počasí,weather
2008,pavučina,web
2009,svatba,wedding
2010,váha,weight
2011,kolo,wheel
2012,vítr,wind
2013,okno,window
2014,moudrý,wise
2015,svědek,witness
2016,přemýšlet,wonder
2017,slovo,word
2018,pracovat,work
2019,pracovník,worker
2020,závod,works
2021,horší,worse
2022,spisovatel,writer
2023,psaný,writing
2024,rok,year
2025,léta,years
2026,mládí,youth
2027,kobra,asp
2028,základy,basics
2029,jádro,kernel
2030,životně,vital
2031,sako,jacket
2032,světlo,light
2033,minulý,past
2034,telefon,phone
2035,čtverec,square
2036,cestička,lane
2037,kromě,besides
2038,turné,tour
2039,legrační,funny
2040,paměť,memory
2041,jednou,once
2042,chléb,bread
2043,dort,cake
2044,oranžový,orange
2045,pod,under
2046,kterýkoliv,any
2047,kolem,around
2048,stát,become
2049,tyč,pole
2050,pozdě,late
2051,jih,south
2052,unavený,tired
2053,zatímco,while
2054,pláž,beach
2055,krásný,beautiful
2056,jen,only
2057,tichý,quiet
2058,chata,cottage
2059,nízký,low
2060,kabát,coat
2061,kus,piece
2062,ústní,oral
2063,vysoká,college
2064,statek,farm
2065,nápad,idea
2066,někde,somewhere
2067,plavat,swim
2068,skrz,through
2069,od,since
2070,kriket,cricket
2071,osa,axis
2072,úvod,introduction
2073,sklo,glass
2074,strojírenství,engineering
2075,vojenský,military
2076,udeřit,hit
2077,vzácný,rare
2078,stejně,anyway
2079,brána,gate
2080,ovce,sheep
2081,bezprostřední,immediate
2082,okamžitě,immediately
2083,pošta,post
2084,registr,register
2085,dodávka,van
2086,výročí,anniversary
2087,případ,case
2088,číslo,figure
2089,hloupý,stupid
2090,následující,following
2091,krev,blood
2092,docela,fairly
2093,vyhradit,reserve
2094,blaho,welfare
2095,potíž,trouble
2096,sada,set
2097,poloha,position
2098,průzkum,survey
2099,dělat,worry
2100,spousta,plenty
2101,hovězí,beef
2102,jet,ride
2103,umožnit,enable
2104,velmi,much
2105,atomický,atomic
2106,pomocný,assistant
2107,atmosféra,atmosphere
2108,trh,market
2109,vzrušující,exciting
2110,rozbitý,broken
2111,schovat,hide
2112,obchod,store
2113,zvon,bell
2114,cokoli,whatever
2115,mýdlo,soap
2116,tempo,pace
2117,odlišný,distinct
2118,řemen,strap
2119,riskantní,venture
2120,letec,pilot
2121,v,in
2122,nadšený,excited
2123,růže,rose
2124,jablko,apple
2125,kuchyně,cooking
2126,slavná,celebrity
2127,hlasitý,loud
2128,kámen,stone
2129,purpurový,purple
2130,venkovní,outdoor
2131,kartáč,brush
2132,plus,plus
2133,vodní,spray
2134,trubka,tube
2135,obličej,face
2136,losos,salmon
2137,oblíbenost,popularity
2138,na,broke
2139,odchod,retirement
2140,pýcha,pride
2141,propustit,release
2142,role,role
2143,dokázat,prove
2144,charta,charter
2145,těhotná,pregnant
2146,vzbudit,wake
2147,omezený,restricted
2148,apartmá,suite
2149,vypustit,launch
2150,vyvolat,generate
2151,odstranění,clearance
2152,postup,procedure
2153,záležitost,issue
2154,terč,target
2155,vliv,influence
2156,jeden,one
2157,dva,two
2158,hračka,toy
2159,čekat,wait
2160,káva,coffee
2161,dotazování,asking
2162,kořen,root
2163,v,basically
2164,větev,branch
2165,provozovat,operate
2166,trvalý,permanent
2167,brilantní,brilliant
2168,pěkný,pretty
2169,vysoká,boot
2170,hlavně,mainly
2171,krádež,theft
2172,pára,steam
2173,multimediální,multimedia
2174,výkvět,elite
2175,moudrost,wisdom
2176,pravidelně,regularly
2177,měsíční,monthly
2178,pryč,away
2179,západní,western
2180,záliv,bay
2181,bývalý,ex
2182,flotila,fleet
2183,hala,lounge
2184,střední,mid
2185,vzkaz,note
2186,klavír,piano
2187,spiknutí,plot
2188,vyjmout,remove
2189,znovu,resume
2190,sedadlo,seat
2191,nejvyšší,senior
2192,pohlaví,sex
2193,výstřel,shot
2194,zapletený,involved
2195,slušivý,becoming
2196,kořist,booty
2197,oblouk,arch
2198,násilí,violence
2199,násilný,violent
2200,přínos,asset
2201,spotřeba,consumption
2202,rozvážet,distribute
2203,rozdělit,split
2204,útok,assault
2205,kohout,tap
2206,autor,author
2207,bokem,aside
2208,ozbrojený,armed
2209,odvážný,bold
2210,citový,emotional
2211,mladistvý,teenage
2212,hrudník,chest
2213,na,upon
2214,hrůza,horror
2215,osvětlení,lighting
2216,zrakový,optical
2217,vysledovat,trace
2218,duch,spirit
2219,schůzka,summit
2220,ústa,mouth
2221,šíp,arrow
2222,zvukový,audio
2223,kmen,trunk
2224,brazilské,brazil
2225,povolání,calling
2226,díra,gap
2227,rtuť,mercury
2228,předseda,premier
2229,důmyslný,sophisticated
2230,zdroj,source
2231,inkasování,allowing
2232,kdo,anti
2233,ohodnocený,awarded
2234,vyvážený,balanced
2235,sídlící,based
2236,základní,baseline
2237,patřit,belong
2238,dražení,bidding
2239,olověný,blackjack
2240,buvol,buffalo
2241,úřad,bureau
2242,vačka,cam
2243,areál,campus
2244,uhlík,carbon
2245,člověk,carl
2246,nadnášení,carrying
2247,katalog,catalog
2248,katolický,catholic
2249,certifikovaný,certified
2250,popínavý,climbing
2251,blíže,closer
2252,pobřežní,coastal
2253,treska,cod
2254,kombo,combo
2255,komisař,commissioner
2256,sebraný,compiled
2257,výpočetní,computing
2258,pevninský,continental
2259,tma,darkness
2260,obrana,defense
2261,hnací,driving
2262,snadnost,ease
2263,nově,emerging
2264,pokusný,experimental
2265,představující,featuring
2266,úplně,fully
2267,funkční,functional
2268,sláva,glory
2269,názorný,graphic
2270,zarostlý,hairy
2271,sužovat,harry
2272,vřes,heather
2273,se,herself
2274,bok,hip
2275,vodorovný,horizontal
2276,napjatý,charged
2277,nabíječka,charger
2278,zlepšování,improving
2279,mladistvý,juvenile
2280,práce,labor
2281,dívání,looking
2282,prohrávající,losing
2283,lék,medication
2284,památník,memorial
2285,minisukně,mini
2286,smíšený,mixed
2287,navigovat,navigate
2288,neutrální,neutral
2289,Norman,norman
2290,dosažení,obtaining
2291,v,offline
2292,odpor,opposition
2293,operace,op
2294,organický,organic
2295,paragán,para
2296,částečný,partial
2297,přívěšek,pendant
2298,náměstí,plaza
2299,přenosný,portable
2300,zpracovatelský,processing
2301,poskytovatel,provider
2302,provinciální,provincial
2303,radar,radar
2304,zpravodajství,reporting
2305,zachování,retention
2306,vážně,seriously
2307,bota,shoe
2308,střelba,shooting
2309,jaké,sized
2310,nějak,somehow
2311,konkrétně,specifically
2312,výhradně,strictly
2313,tabletka,tablet
2314,závitový,threaded
2315,služební,tied
2316,kocour,tom
2317,britský,tommy
2318,obchod,trade
2319,káď,vat
2320,hlasování,voting
2321,pšenice,wheat
2322,čau,yo
2323,alfa,alpha
2324,vyhrazený,assigned
2325,obsluhovaný,attended
2326,avatár,avatar
2327,svobodný,bachelor
2328,fakturace,billing
2329,náramek,bracelet
2330,tmavovláska,brunette
2331,kámoš,buddy
2332,kavárna,cafe
2333,záměrný,calculated
2334,chycený,caught
2335,cent,cent
2336,jíl,clay
2337,odlišování,coding
2338,sbírání,collecting
2339,ústavní,constitutional
2340,obvyklý,conventional
2341,mohl,could
2342,umírající,dying
2343,exotický,exotic
2344,výslovný,explicit
2345,pryč,forth
2346,franšíza,franchise
2347,vstupní,gateway
2348,naváděný,guided
2349,odtud,hence
2350,se,himself
2351,střed,hub
2352,humor,humor
2353,změněný,changed
2354,chronicky,chronic
2355,císařský,imperial
2356,inovační,innovative
2357,začleněný,integrated
2358,výbava,kit
2359,list,leaf
2360,podléhající,liable
2361,nízkokalorický,lite
2362,ženatý,married
2363,blána,membrane
2364,provozní,operating
2365,provozuschopný,operational
2366,věštírna,oracle
2367,parkovací,parking
2368,podaný,performed
2369,pop,pop
2370,nakladatelský,publishing
2371,kvíz,quiz
2372,okruh,radius
2373,odvětví,sector
2374,užívá,shall
2375,sebevražda,suicide
2376,nit,thread
2377,tón,tone
2378,obchodování,trading
2379,univerzální,universal
2380,svislý,vertical
2381,pravý,authentic
2382,oprávnění,authorization
2383,nevolnictví,bondage
2384,bowling,bowling
2385,dech,breath
2386,bublin,bubble
2387,přivoděný,caused
2388,uklízení,cleaning
2389,rada,counsel
2390,učební,curriculum
2391,podaný,filed
2392,fiskální,fiscal
2393,oplechování,flashing
2394,odborné,guidance
2395,skrytý,hidden
2396,prováděcí,implementing
2397,morální,integrity
2398,styčná,interface
2399,vnitřek,interior
2400,zapojení,involvement
2401,pronájem,lease
2402,časopis,magazine
2403,zamýšlený,meant
2404,vynechání,missing
2405,úmrtnost,mortality
2406,plavba,navigation
2407,dosažený,obtained
2408,firemní,outlet
2409,pár,pair
2410,partnerství,partnership
2411,čekající,pending
2412,s,placed
2413,přítomnost,presence
2414,matrika,registry
2415,předpis,regulation
2416,zběžně,scan
2417,kraťasy,shorts
2418,duchovní,spiritual
2419,startovací,starting
2420,unavit,tire
2421,chůze,walking
2422,podpora,backup
2423,mosaz,brass
2424,náboj,cartridge
2425,střední,central
2426,souvislost,conjunction
2427,znevýhodňování,discrimination
2428,hotový,finished
2429,kurevský,fucking
2430,dostudování,graduation
2431,zatížený,loaded
2432,zachovávání,maintaining
2433,podložka,mat
2434,nahý,naked
2435,dobrý,okay
2436,skvrna,patch
2437,produkování,producing
2438,zařazený,ranked
2439,znásilnit,rape
2440,štafeta,relay
2441,nejvyšší,supreme
2442,sledování,surveillance
2443,mučit,torture
2444,jehož,whose
2445,ty,wow
2446,oblečení,apparel
2447,zlato,babe
2448,podfouknout,con
2449,rozvojový,developing
2450,vlákno,fiber
2451,daný,given
2452,útočiště,haven
2453,vložit,insert
2454,okamžik,instant
2455,položit,lay
2456,živobytí,living
2457,album,portfolio
2458,výborný,super
2459,holý,bare
2460,úzce,bound
2461,prs,breast
2462,buněčný,cellular
2463,zdrženlivost,discretion
2464,rozmanitost,diversity
2465,krmení,feeding
2466,zmínit,mention
2467,týkající,regarding
2468,bez,regardless
2469,penzionovaný,retired
2470,porce,serving
2471,hovno,shit
2472,oprávněný,valid
2473,povlečení,bedding
2474,žhavý,burning
2475,lano,cable
2476,těsně,closely
2477,angažovat,engage
2478,celý,entire
2479,popravit,execute
2480,fixovaný,fixed
2481,upřímný,frank
2482,obecně,generic
2483,ladnost,grace
2484,majestátní,grand
2485,skutečně,indeed
2486,kámo,mate
2487,možná,may
2488,hornictví,mining
2489,umírněný,moderate
2490,profík,pro
2491,zvlněný,rolling
2492,odbyt,sales
2493,prostor,scope
2494,promítání,screening
2495,zajistit,secure
2496,ticho,silence
2497,otvor,slot
2498,koho,whom
2499,navozuje,will
2500,senát,senate
2501,dcera,daughter
2502,jazyk,language
2503,ráno,morning
2504,psací,desk
2505,šaty,dress
2506,otec,father
2507,manžel,husband
2508,dar,present
2509,dobře,well
2510,začít,begin
2511,kino,cinema
2512,dopis,letter
2513,setkání,meeting
2514,čtvrt,quarter
2515,úředník,clerk
2516,správný,correct
2517,nutný,necessary
2518,dorozumívat,communicate
2519,třetí,third
2520,hořet,burn
2521,problém,problem
2522,koupelna,bathroom
2523,zahrada,garden
2524,tráva,grass
2525,vstupní,hall
2526,trávník,lawn
2527,postavit,build
2528,auto,car
2529,jíst,eat
2530,obrázek,picture
2531,věc,thing
2532,řidič,driver
2533,jít,walk
2534,zákazník,customer
2535,zrcadlo,mirror
2536,strana,party
2537,čepka,cap
2538,tmavý,dark
2539,zkouška,examination
2540,laciný,cheap
2541,koruna,crown
2542,kytara,guitar
2543,utratit,spend
2544,rozdíl,difference
2545,číslo,number
2546,hlavní,main
2547,milenec,lover
2548,koberec,carpet
2549,plyn,gas
2550,kopec,hill
2551,voda,water
2552,hrad,castle
2553,černý,black
2554,šálek,cup
2555,park,park
2556,tábor,camp
2557,král,king
2558,ropa,oil
2559,cestující,passenger
2560,známka,stamp
2561,stavba,building
2562,inženýr,engineer
2563,zápisník,notebook
2564,zaměstnání,occupation
2565,nad,over
2566,kuře,chicken
2567,čokoláda,chocolate
2568,střecha,roof
2569,mléko,milk
2570,sáček,bag
2571,vejce,egg
2572,stránka,page
2573,cukr,sugar
2574,hnědý,brown
2575,vozík,cart
2576,rozlobený,angry
2577,autobus,bus
2578,úzký,narrow
2579,cesta,road
2580,poledne,noon
2581,jaro,spring
2582,odstavec,paragraph
2583,pták,bird
2584,růst,grow
2585,droga,drug
2586,politika,policy
2587,národ,nation
2588,slepý,blind
2589,diskutovat,discuss
2590,můj,mine
2591,lži,ski
2592,lavice,bench
2593,ohromný,great
2594,představení,performance
2595,řada,row
2596,vstoupit,enter
2597,dějiny,history
2598,noha,leg
2599,hodit,throw
2600,míč,ball
2601,krása,beauty
2602,hráz,dam
2603,vlas,hair
2604,krčma,pub
2605,říčka,stream
2606,pozdrav,greeting
2607,čtvrtý,fourth
2608,pátý,fifth
2609,hornina,rock
2610,skořápka,shell
2611,sakra,damn
2612,svítání,dawn
2613,loď,ship
2614,vystavit,display
2615,nástroj,instrument
2616,slíbit,promise
2617,výstava,exhibition
2618,držet,hold
2619,kapitál,capital
2620,kostel,church
2621,zem,country
2622,podrobnost,detail
2623,domluvená,engagement
2624,muzeum,museum
2625,původ,background
2626,banka,bank
2627,nestvůra,monster
2628,tajný,secret
2629,smrt,death
2630,neúspěch,failure
2631,nakladatel,publisher
2632,naprostý,complete
2633,projevovat,exhibit
2634,koncese,licence
2635,fotka,photo
2636,pult,counter
2637,spojovatel,operator
2638,příkaz,order
2639,zpráva,message
2640,městský,city
2641,dopisování,correspondence
2642,počáteční,initial
2643,svíčka,candle
2644,koleda,carol
2645,zvyk,custom
2646,příležitost,occasion
2647,krabice,box
2648,sladkost,candy
2649,tančit,dance
2650,maska,mask
2651,plakát,poster
2652,palivo,fuel
2653,karta,card
2654,židle,chair
2655,pohroma,disaster
2656,spojení,communication
2657,ryba,fish
2658,zem,ground
2659,komedie,comedy
2660,malba,painting
2661,říše,empire
2662,příjezd,arrival
2663,miminko,baby
2664,opatrný,careful
2665,kojenec,infant
2666,pokusit,attempt
2667,svoboda,freedom
2668,líbat,kiss
2669,záležet,care
2670,vyvíjet,develop
2671,mrak,cloud
2672,bazén,pool
2673,starost,concern
2674,vlajka,flag
2675,shánět,hunt
2676,ochrana,protection
2677,stanice,station
2678,obrovský,giant
2679,vrchol,peak
2680,výhrada,reservation
2681,nákladní,truck
2682,ústava,constitution
2683,dvojitý,double
2684,zakladatel,founder
2685,spodní,lower
2686,králík,rabbit
2687,obřad,ceremony
2688,návrh,proposal
2689,obchodní,commercial
2690,prázdný,empty
2691,chemický,chemical
2692,volba,election
2693,inflace,inflation
2694,zabít,kill
2695,království,kingdom
2696,růst,growth
2697,základní,basic
2698,narození,birth
2699,strach,fear
2700,krize,crisis
2701,ublížit,harm
2702,buňka,cell
2703,deník,diary
2704,mimořádná,emergency
2705,součást,component
2706,sloup,column
2707,připojit,join
2708,možnost,possibility
2709,spodní,base
2710,knihovna,library
2711,špinavý,dirty
2712,seznam,list
2713,strop,ceiling
2714,pohřeb,funeral
2715,krk,neck
2716,zakládání,filling
2717,halový,indoor
2718,suchý,dry
2719,dobrovolník,volunteer
2720,poškodit,damage
2721,prach,dust
2722,zářivě,beam
2723,účinnost,efficiency
2724,ležet,lie
2725,tuleň,seal
2726,dar,donation
2727,vstup,entry
2728,zajmout,capture
2729,vrstva,layer
2730,údržba,maintenance
2731,vyrovnat,offset
2732,začít,proceed
2733,kápě,hood
2734,obvod,circuit
2735,škála,range
2736,práh,threshold
2737,ji,her
2738,hodiny,clock
2739,pero,pen
2740,spaní,sleep
2741,rychlost,speed
2742,film,film
2743,ptát,ask
2744,profesor,professor
2745,zpravodaj,reporter
2746,baterie,battery
2747,kapsa,pocket
2748,kočka,cat
2749,pepř,pepper
2750,dopravní,transport
2751,krajní,extreme
2752,centrála,headquarters
2753,vesmír,universe
2754,mající,due
2755,zrní,corn
2756,injekce,injection
2757,špička,tip
2758,pohodlí,convenience
2759,bitva,battle
2760,deprese,depression
2761,kapitola,chapter
2762,hostitel,host
2763,zvrátit,reverse
2764,kodex,code
2765,rozpočet,budget
2766,shromáždění,gathering
2767,přejezd,crossing
2768,modlení,prayer
2769,dokument,documentary
2770,pronálsedovat,chase
2771,lovec,hunter
2772,fotografování,photography
2773,tekutina,fluid
2774,střežit,guard
2775,půjčka,loan
2776,zřídit,establish
2777,pohled,profile
2778,obsazení,cast
2779,buben,drum
2780,peklo,hell
2781,posádka,crew
2782,rozhodný,critical
2783,kruh,circle
2784,jet,cycle
2785,rozšíření,expansion
2786,žurnál,journal
2787,rozesílání,distribution
2788,přednost,priority
2789,podání,presentation
2790,stížnost,complaint
2791,závěr,findings
2792,nadbytek,excess
2793,řetěz,chain
2794,dokument,document
2795,pracovní,draft
2796,dopad,impact
2797,nastínit,outline
2798,připravit,prepare
2799,závazek,obligation
2800,jednotkový,unit
2801,zařízení,facility
2802,výdaj,expenditure
2803,přímý,direct
2804,požadavek,requirement
2805,úvodní,opening
2806,kvalifikovaný,qualified
2807,doručení,delivery
2808,kampaň,campaign
2809,pohlaví,gender
2810,výčet,listing
2811,rámec,framework
2812,distributor,distributor
2813,předběžný,preliminary
2814,obchodník,dealer
2815,demonstrace,demonstration
2816,prémie,bonus
2817,závazek,commitment
2818,gang,gang
2819,ucho,ear
2820,citron,lemon
2821,kouzlo,magic
2822,prášek,powder
2823,pracující,working
2824,drak,dragon
2825,dítě,kid
2826,prohlížeč,browser
2827,porucha,disorder
2828,zařízení,device
2829,zastupovat,represent
2830,směr,direction
2831,břímě,burden
2832,nedodržet,default
2833,výpočet,calculation
2834,přispění,contribution
2835,kázeň,discipline
2836,pojem,concept
2837,závod,enterprise
2838,pověřit,commission
2839,hacker,hacker
2840,pozemní,hockey
2841,vana,bath
2842,skončit,quit
2843,zbraň,gun
2844,mlékárna,dairy
2845,patent,patent
2846,viset,hang
2847,členové,royalty
2848,soutěž,contest
2849,utéct,escape
2850,vražda,murder
2851,zlo,evil
2852,povídat,chat
2853,kupující,buyer
2854,záblesk,flash
2855,záření,radiation
2856,beton,concrete
2857,železo,iron
2858,včela,bee
2859,pás,belt
2860,tělo,body
2861,schopnost,capacity
2862,keramika,ceramic
2863,sjezd,congress
2864,zvyklost,convention
2865,rada,council
2866,měna,currency
2867,paluba,deck
2868,potíž,difficulty
2869,zjištění,discovery
2870,výdělek,earnings
2871,redaktor,editor
2872,nepřítel,enemy
2873,být,exist
2874,výdaj,expense
2875,liška,fox
2876,hrubý,gross
2877,zabiják,killer
2878,prádlo,laundry
2879,spolek,league
2880,kůže,leather
2881,pověst,legend
2882,úroveň,level
2883,svoboda,liberty
2884,lord,lord
2885,ztráta,loss
2886,tržiště,marketplace
2887,považovat,regard
2888,odstranění,removal
2889,zástupce,representative
2890,půda,soil
2891,archiv,archive
2892,bomba,bomb
2893,brzda,brake
2894,tečka,dot
2895,šňůra,cord
2896,přítomnost,attendance
2897,zvíře,beast
2898,přenést,transfer
2899,společný,combined
2900,bytost,being
2901,soustředění,concentration
2902,diagram,chart
2903,ekologický,environmental
2904,balíček,package
2905,panel,panel
2906,přenos,transmission
2907,šéf,chief
2908,bas,bass
2909,vystavení,exposure
2910,ženského,female
2911,funkce,function
2912,fond,fund
2913,hák,hook
2914,ztotožnění,identification
2915,inkoust,ink
2916,čočka,lens
2917,členství,membership
2918,ministerstvo,ministry
2919,sluchátko,receiver
2920,šok,shock
2921,přívěs,trailer
2922,odpor,resistance
2923,chyba,error
2924,červovitý,appendix
2925,armáda,army
2926,osel,ass
2927,atom,atom
2928,advokát,attorney
2929,přitažlivost,attraction
2930,transparent,banner
2931,baptista,baptist
2932,bobr,beaver
2933,dvojkový,binary
2934,prázdný,blank
2935,záložka,bookmark
2936,hmyz,bug
2937,vitrínka,cabinet
2938,mezipaměť,cache
2939,kalkulačka,calculator
2940,kanovník,canon
2941,plátno,canvas
2942,transportét,carrier
2943,městský,civic
2944,spon,clip
2945,přesná,clone
2946,kohout,cock
2947,velitel,commander
2948,kompilace,compilation
2949,sestavovatel,compiler
2950,složitý,complex
2951,shromáždění,assembly
2952,připomínkový,consultation
2953,síň,chamber
2954,nádoba,container
2955,přítěž,liability
2956,sušenka,cookie
2957,jádřinec,core
2958,hrabství,county
2959,stvoření,creation
2960,roztomilý,cute
2961,drahý,dear
2962,debata,debate
2963,popis,description
2964,stavební,developer
2965,ďábel,devil
2966,režisér,director
2967,postižení,disability
2968,vévoda,duke
2969,činitel,factor
2970,ozvěna,echo
2971,vchod,entrance
2972,epizoda,episode
2973,vlohy,faculty
2974,festival,festival
2975,nálezce,finder
2976,prst,finger
2977,formát,format
2978,fórum,forum
2979,podvod,fraud
2980,rodopis,genealogy
2981,generátor,generator
2982,graf,graph
2983,hlavička,header
2984,parametr,parameter
2985,režim,regime
2986,kaple,chapel
2987,ožehnout,char
2988,skladba,composition
2989,totožnost,identity
2990,zaujatost,bias
2991,prohlédnutí,inspection
2992,úmysl,intent
2993,výklad,interpretation
2994,křižovatka,junction
2995,jurisdikce,jurisdiction
2996,odkaz,legacy
2997,lesba,lesbian
2998,přímočarý,linear
2999,obesílání,mailing
3000,ruční,manual
3001,mlýn,mill
3002,šlohnout,nick
3003,normální,normal
3004,dub,oak
3005,uspořádání,ordering
3006,orgán,organ
3007,dlaň,palm
3008,kámoš,pal
3009,pánev,pan
3010,účastník,participant
3011,koláč,pie
3012,chcát,piss
3013,průzkum,poll
3014,předpremiéra,preview
3015,tiskárna,printer
3016,zastoupení,representation
3017,republika,republic
3018,pruh,strip
3019,předkrm,starter
3020,spoušť,trigger
3021,vysokoškolský,undergraduate
3022,dílna,workshop
3023,část,bit
3024,kontrola,control
3025,přístroj,appliance
3026,oblouk,arc
3027,ujištění,assurance
3028,pozornost,attention
3029,rána,bang
3030,o,binding
3031,koš,bin
3032,čepel,blade
3033,dohodce,broker
3034,tlumič,buffer
3035,uklízeč,cleaner
3036,shluk,cluster
3037,zakládat,constitute
3038,zhotovitel,contractor
3039,zástupce,deputy
3040,lišit,differ
3041,oblast,domain
3042,entita,entity
3043,vlastní,equity
3044,založení,establishment
3045,překročit,exceed
3046,poprava,execution
3047,představa,fantasy
3048,fax,fax
3049,drapérie,hanging
3050,dotaz,inquiry
3051,klenoty,jewelry
3052,smyčka,loop
3053,mariňák,marine
3054,konkrétní,particular
3055,pěšina,path
3056,trest,penalty
3057,špendlík,pin
3058,držení,possession
3059,keramika,pottery
3060,zábradlí,rail
3061,krysa,rat
3062,zmiňovat,refer
3063,utrpení,suffering
3064,dohlížitel,supervisor
3065,meč,sword
3066,vyučování,teaching
3067,dospívající,teen
3068,plavidlo,vessel
3069,vyžádat,warrant
3070,oznámit,announce
3071,výbuch,blast
3072,oprava,correction
3073,křivka,curve
3074,adresář,directory
3075,vydání,edition
3076,spolek,fellowship
3077,pokácet,fell
3078,lidová,folk
3079,obdoba,parallel
3080,zástrčka,plug
3081,pojistní,premium
3082,provaz,string
3083,něžný,tender
3084,užitek,utility
3085,animace,animation
3086,směrem,toward
3087,bar,bar
3088,způsoby,bearing
3089,východ,exit
3090,poduška,pad
3091,avenue,avenue
3092,věřit,believe
3093,šat,clothes
3094,spoléhání,depending
3095,dialog,dialogue
3096,nalezení,finding
3097,on,he
3098,později,later
3099,devět,nine
3100,politika,politics
3101,poskytovaný,provided
3102,směrem,towards
3103,odepřený,denied
3104,zadaný,entered
3105,to,finest
3106,lidi,folks
3107,větší,greater
3108,pověšený,hung
3109,nocleh,lodging
3110,opatření,measures
3111,oškubaný,pulled
3112,uchvacující,taking
3113,džínsy,jeans
3114,ten,the
3115,blond,blonde
3116,dynamika,dynamics
3117,zájmové,interests
3118,Buď,ave
3119,člen,a
3120,šněrovací,oxford
3121,schody,steps
3122,zbytky,ends
3123,měření,trials
3124,rákosová,flags
3125,barva,color
3126,prostý,commons
3127,kontrahentský,contracting
3128,konzultující,consulting
3129,redigování,editing
3130,naplácání,spanking
3131,vody,waters
3132,aktualizační,updating
3133,dostávající,getting
3134,háj,grove
3135,černý,japan
3136,vtípek,josh
3137,opálení,tan
3138,příbřežní,offshore
3139,uctívat,worship
3140,kulečníkové,pills
3141,jasně,sorted
3142,ty,thou
3143,vyhýbání,dodge
3144,zapřisáhlý,confirmed
3145,disponování,disposal
3146,potok,creek
3147,ventil,valve
3148,nanesení,applying
3149,trenérství,coaching
3150,dokonání,completion
3151,vyhovět,comply
3152,složený,composite
3153,stlačení,compression
3154,formování,conditioning
3155,potvrzení,confirmation
3156,kontrolovaný,controlled
3157,řídící,controller
3158,přeměněný,converted
3159,korál,coral
3160,kosmetický,cosmetic
3161,kupon,coupon
3162,kryt,covering
3163,ježdění,cycling
3164,dan,dan
3165,datovaný,dated
3166,určování,dating
3167,děkan,dean
3168,doladit,debug
3169,výzdoba,decor
3170,obrana,defence
3171,odložený,delayed
3172,dodaný,delivered
3173,delta,delta
3174,demo,demo
3175,doupě,den
3176,sklad,depot
3177,stolní,desktop
3178,odhalení,detection
3179,determinační,determining
3180,vyspělý,developed
3181,úchylný,deviant
3182,ciferník,dial
3183,dialog,dialog
3184,rozdílový,differential
3185,namířený,directed
3186,směrnice,directive
3187,odmítnutí,disclaimer
3188,diskontovaný,discounted
3189,odbavený,dispatched
3190,vystavený,displayed
3191,potápění,diving
3192,vzít,don
3193,hnaný,driven
3194,snížený,dropped
3195,redakční,editorial
3196,osázený,embedded
3197,zápis,enrollment
3198,náběžný,entering
3199,erotický,erotic
3200,navazování,establishing
3201,měna,euro
3202,došetřený,examined
3203,zaskvít,excel
3204,znamenitost,excellence
3205,vyjímečný,exceptional
3206,úryvek,excerpt
3207,provedený,executed
3208,odhalený,exposed
3209,obličejový,facial
3210,lemovka,facing
3211,nezdařený,failed
3212,klesání,falling
3213,spolu,fellow
3214,evidenční,filing
3215,prstoklad,fingering
3216,květinkový,floral
3217,písmo,font
3218,brod,ford
3219,směs,fusion
3220,bůh,god
3221,jedoucí,going
3222,gurmánský,gourmet
3223,poskytnutý,granted
3224,bezúplatný,gratis
3225,mřížka,grid
3226,dospělý,grown
3227,záliv,gulf
3228,událost,happening
3229,držený,held
3230,zvěstovat,herald
3231,doufání,hoping
3232,nadržený,horny
3233,hostitelský,hosting
3234,kříženec,hybrid
3235,označovaný,indicated
3236,emitovaný,issued
3237,spojování,joining
3238,shoda,keeping
3239,dohled,ken
3240,klávesnice,keyboard
3241,kladený,laid
3242,odpálený,launched
3243,odjezd,leaving
3244,evidovaný,listed
3245,mapovací,mapping
3246,výrazný,marked
3247,tržnice,mart
3248,masáž,massage
3249,zboží,merchandise
3250,posel,messenger
3251,podpěra,mounting
3252,dojatý,moved
3253,odklopený,opened
3254,par,par
3255,odhlasovaný,passed
3256,perla,pearl
3257,potrubní,pipeline
3258,jazýček,pointer
3259,portál,portal
3260,poštovní,postage
3261,poštovní,postal
3262,poslaný,posted
3263,kontování,posting
3264,poháněný,powered
3265,moderovaný,presented
3266,výhledový,prospective
3267,ochraňování,protecting
3268,zmocněnec,proxy
3269,punk,punk
3270,kupovaný,purchased
3271,zařazení,putting
3272,krajta,python
3273,čtvrtlení,quarterly
3274,vyvýšený,raised
3275,pozdvižení,raising
3276,beran,ram
3277,rap,rap
3278,obdržený,received
3279,obdržení,receiving
3280,rákos,reed
3281,odkaz,ref
3282,propuštěný,released
3283,oddělaný,removed
3284,obchoďák,rep
3285,úložiště,repository
3286,představující,representing
3287,reprodukovaný,reproduced
3288,odměřený,reserved
3289,přenastavit,reset
3290,odporující,resistant
3291,otáčkový,rev
3292,oponovaný,reviewed
3293,opáčko,revision
3294,červenka,robin
3295,týkající,roman
3296,směrovací,routing
3297,chycený,saved
3298,dosažený,scored
3299,hledací,searching
3300,místa,seating
3301,vybírání,selecting
3302,půldomek,semi
3303,obesílání,sending
3304,seriál,serial
3305,promítaný,shown
3306,časově,scheduled
3307,rozvrhování,scheduling
3308,se,signed
3309,podepsání,signing
3310,kouření,smoking
3311,zdířka,socket
3312,nevyžádána,spam
3313,mluvení,speaking
3314,specifikace,spec
3315,brejle,specs
3316,strávený,spent
3317,bodovka,spotlight
3318,nakrojený,started
3319,zaražený,stopped
3320,dělení,streaming
3321,studování,studying
3322,rydlo,stylus
3323,sublimovat,sublime
3324,podrobení,submission
3325,předplatit,subscribe
3326,cumlání,sucking
3327,příloha,supplement
3328,zásobovaný,supplied
3329,příboj,surf
3330,prohazování,switching
3331,obchodní,syndicate
3332,cedulka,tab
3333,obsazený,taken
3334,hovořící,talking
3335,zdanění,taxation
3336,průmka,tech
3337,vyprávění,telling
3338,nehet,thumbnail
3339,sýkorka,tit
3340,dělení,tracking
3341,přepis,transcript
3342,přenášený,transmitted
3343,cestovní,traveling
3344,putovat,trek
3345,školné,tuition
3346,nasměrovaný,turned
3347,odbočka,turning
3348,ultra,ultra
3349,podzemní,underground
3350,nepojmenovaný,untitled
3351,ke,unto
3352,zlepšit,upgrade
3353,potvrzení,validation
3354,lehký,victoria
3355,hostující,visiting
3356,vyhůídka,vista
3357,prázdno,void
3358,králičí,warren
3359,únavný,wearing
3360,vzít,wed
3361,čaroděj,wizard
3362,pracovní,workforce
3363,nadnášený,carried
3364,pracovník,temp
3365,velkoobchod,wholesale
3366,zkoušený,tried
3367,držení,setup
3368,speciální,corps
3369,občanstvo,commonwealth
3370,nafta,diesel
3371,kvalifikace,expertise
3372,spolu,cum
3373,fa,fa
3374,kubických,cc
3375,piškotový,charlotte
3376,jakýsi,an
3377,analogie,analog
3378,čurák,dick
3379,písmeno,en
3380,šoustat,fuck
3381,tanec,german
3382,sss,hist
3383,haha,ho
3384,á,oh
3385,biják,pic
3386,požadovaný,requested
3387,přehled,synopsis
3388,výstražné,warner
3389,vybojovaný,won
3390,skončit,x
3391,sázeč,comp
3392,obsah,contents
3393,si,ti
3394,barvy,colours
3395,poradce,advisor
3396,brazilský,brazilian
3397,maník,johnny
3398,stoupající,rising
3399,hajzl,john
3400,mouka,seconds
3401,posraný,fucked
3402,střed,centre
3403,vytvořený,cr
3404,matoliny,marc
3405,moc,lots
3406,super,tops
3407,alfabetický,alphabetical
3408,chování,behaviour
3409,blogování,blogging
3410,kupovaný,bought
3411,kakáč,jerry
3412,bota,barry
3413,řetízek,albert
3414,boston,boston
3415,továrna,hong
3416,moře,loads
3417,slova,words
3418,lesy,woods
3419,zdroje,sources
3420,čtverek,em
3421,ve,days
3422,osoba,does
3423,záběr,upskirt
3424,skriptovací,javascript
3425,zeštíhlit,jeff
3426,vědomí,lights
3427,golfové,links
3428,písmeno,mem
3429,potřeby,occasions
3430,termostat,stat
3431,náhradníci,tales
3432,slzy,tears
3433,každý,weekends
3434,vy,ye
