ids,englishs,czechs,pronunciations
"6,3399","hurt,hurt","ublížit,zraněný","hˈɜːt,hˈɜːt"
"7,1767","hurry,hurry","spěchat,spěch","hˈɜːɹi,hˈɜːɹi"
"16,2607","hope,hope","naděje,doufat","hˈoʊp,hˈoʊp"
"19,1951","home,home","domov,domů","hˈoʊm,hˈoʊm"
"22,1946","hold,hold","držet,držení","hˈoʊld,hˈoʊld"
"29,1982","high,high","vysoký,zhulený","hˈaɪ,hˈaɪ"
"33,3519","judge,judge","soudce,soudit","dʒˈʌdʒ,dʒˈʌdʒ"
"41,42","its,its","její,jeho","ˈɪts,ˈɪts"
"56,1819","in,in","v,dovnitř","ˈɪn,ˈɪn"
"64,2808","guess,guess","odhad,hádat","ɡˈɛs,ɡˈɛs"
"66,2835","group,group","skupina,seskupit","ɡɹˈuːp,ɡɹˈuːp"
"69,1613","green,green","zelený,nezkušený","ɡɹˈiːn,ɡɹˈiːn"
"84,6209","good,good","dobrý,vhodný","ɡˈʊd,ɡˈʊd"
"94,1898","help,help","pomáhat,pomoc","hˈɛlp,hˈɛlp"
"108,109","hard,hard","tvrdý,náročný","hˈɑːɹd,hˈɑːɹd"
"116,1592","half,half","půl,rozpůlit","hˈæf,hˈæf"
"123,6859","mine,mine","moje,důl","mˈaɪn,mˈaɪn"
"134,151","Miss,miss","slečna,minout","mˈɪs,mˈɪs"
"135,2392,6869","mean,mean,mean","střední,zamýšlet,zlý","mˈiːn,mˈiːn,mˈiːn"
"138,139","May,may","květen,může","mˈeɪ,mˈeɪ"
"140,2352","matter,matter","hmota,záležitost","mˈæɾɚ,mˈæɾɚ"
"142,3178","match,match","zápas,zápasit","mˈætʃ,mˈætʃ"
"143,3175,3176","March,march,march","březen,pochod,pochodovat","mˈɑːɹtʃ,mˈɑːɹtʃ,mˈɑːɹtʃ"
"150,3143","mail,mail","pošta,poslat poštou","mˈeɪl,mˈeɪl"
"153,3466","name,name","jméno,jmenovat","nˈeɪm,nˈeɪm"
"163,2045","move,move","pohyb,pohybovat","mˈuːv,mˈuːv"
"165,2093","mobile,mobile","pohyblivý,mobilní","mˈoʊbəl,mˈoʊbəl"
"186,2977","laugh,laugh","smát se,smích","lˈæf,lˈæf"
"193,2968","leave,leave","opustit,dovolená","lˈiːv,lˈiːv"
"198,3049","kiss,kiss","polibek,políbit","kˈɪs,kˈɪs"
"200,1174","kind,kind","laskavý,druh","kˈaɪnd,kˈaɪnd"
"202,3061","kid,kid","dítě,dobírat si","kˈɪd,kˈɪd"
"203,204","kick,kick","kopnout,kop","kˈɪk,kˈɪk"
"208,1458","left,left","vlevo,levice","lˈɛft,lˈɛft"
"215,216","love,love","milovat,láska","lˈʌv,lˈʌv"
"217,1292","lot,lot","hodně,úděl","lˈɑːt,lˈɑːt"
"218,962","look,look","podívejte,vzhled","lˈʊk,lˈʊk"
"219,1317","long,long","dlouhý,dlouho","lˈɔŋ,lˈɔŋ"
"223,3284","live,live","živý,žít","lˈaɪv,lˈaɪv"
"224,3253","little,little","málo,malý","lˈɪɾəl,lˈɪɾəl"
"226,7371","list,list","seznam,vypsat","lˈɪst,lˈɪst"
"228,7366","line,line","čára,řádka","lˈaɪn,lˈaɪn"
"230,231","like,like","mít rád,jako","lˈaɪk,lˈaɪk"
"232,233,3252","light,light,light","světlý,světlo,rozsvítit","lˈaɪt,lˈaɪt,lˈaɪt"
"9644,9647","you are,you are","ty jsi,vy jste",","
"242,243","dance,dance","tancovat,tanec","dˈæns,dˈæns"
"247,3856","cut,cut","sekat,střih","kˈʌt,kˈʌt"
"250,1264","cry,cry","plakat,výkřik","kɹˈaɪ,kɹˈaɪ"
"252,1171","cream,cream","smetana,krém","kɹˈiːm,kɹˈiːm"
"254,1150","cover,cover","pokrýt,poklop","kˈʌvɚ,kˈʌvɚ"
"258,6664","correct,correct","opravit,správný","kɚɹˈɛkt,kɚɹˈɛkt"
"261,1445","copy,copy","kopie,kopírovat","kˈɑːpi,kˈɑːpi"
"263,6390","cool,cool","ochladit,chladný","kˈuːl,kˈuːl"
"265,266","cook,cook","kuchař,vařit","kˈʊk,kˈʊk"
"271,1786,6040","down,down,down","dolů,na zemi,dole","dˈaʊn,dˈaʊn,dˈaʊn"
"283,3830","date,date","datum,randit","dˈeɪt,dˈeɪt"
"291,4836","design,design","design,navrhovat","dɪzˈaɪn,dɪzˈaɪn"
"297,4746","dig,dig","kopat,vykopávka","dˈɪɡ,dˈɪɡ"
"308,1361","check,check","kontrola,šek","tʃˈɛk,tʃˈɛk"
"310,311","change,change","drobné (mince),přeměna","tʃˈeɪndʒ,tʃˈeɪndʒ"
"313,3809","circle,circle","kruh,kroužit","sˈɜːkəl,sˈɜːkəl"
"317,318","catch,catch","chytit,úlovek","kˈætʃ,kˈætʃ"
"325,4135","care,care","péče,pečovat","kˈɛɹ,kˈɛɹ"
"336,337","cold,cold","nachlazení,studený","kˈoʊld,kˈoʊld"
"342,6490","coach,coach","trenér,trénovat","kˈoʊtʃ,kˈoʊtʃ"
"349,350","close,close","zavřít,blízko","klˈoʊs,klˈoʊs"
"354,355","clean,clean","čistit,čistý","klˈiːn,klˈiːn"
"358,1813","draw,draw","kreslit,remíza","dɹˈɔː,dɹˈɔː"
"359,1795","dream,dream","sen,snít","dɹˈiːm,dɹˈiːm"
"360,1794","dress,dress","šaty,oblékat","dɹˈɛs,dɹˈɛs"
"362,6322","focus,focus","soustředit,ohnisko","fˈoʊkəs,fˈoʊkəs"
"363,364","fly,fly","létat,moucha","flˈaɪ,flˈaɪ"
"367,6306","flat,flat","byt,plochý","flˈæt,flˈæt"
"371,4559","fish,fish","ryba,rybařit","fˈɪʃ,fˈɪʃ"
"372,374","first,first","nejprve,první","fˈɜːst,fˈɜːst"
"375,376","finish,finish","dokončit,povrch","fˈɪnɪʃ,fˈɪnɪʃ"
"377,4583,6233","fine,fine,fine","dobře,jemný,pokuta","fˈaɪn,fˈaɪn,fˈaɪn"
"380,6229","file,file","soubor,založit","fˈaɪl,fˈaɪl"
"381,4704","fight,fight","boj,bojovat","fˈaɪt,fˈaɪt"
"387,6236","fire,fire","oheň,vyhodit zaměstnance","fˈaɪɚ,fˈaɪɚ"
"390,1692","for,for","pro,za","fˈɔːɹ,fˈɔːɹ"
"399,2771","future,future","budoucí,budoucnost","fjˈuːtʃɚ,fjˈuːtʃɚ"
"409,1675,6195","free,free,free","svobodný,uvolnit,zdarma","fɹˈiː,fɹˈiː,fɹˈiː"
"413,4605","form,form","formulář,tvarovat","fˈɔːɹm,fˈɔːɹm"
"417,1666","front,front","přední,fronta","fɹˈʌnt,fɹˈʌnt"
"418,1708","feel,feel","pocit,cítit","fˈiːl,fˈiːl"
"423,1883","end,end","konec,ukončit","ˈɛnd,ˈɛnd"
"427,1976","either,either","kterýkoliv,buď","ˈiːðɚ,ˈiːðɚ"
"442,1787","drop,drop","pokles,kapka","dɹˈɑːp,dɹˈɑːp"
"444,1789,7873,7875","drive,drive,drive,drive","řídit,jet,řídit,jízda","dɹˈaɪv,dɹˈaɪv,dɹˈaɪv,dɹˈaɪv"
"445,446","drink,drink","pít,nápoj","dɹˈɪŋk,dɹˈɪŋk"
"447,1950","early,early","raný,brzy","ˈɜːli,ˈɜːli"
"454,455","fast,fast","půst,rychle","fˈæst,fˈæst"
"463,4665","fair,fair","veletrh,spravedlivý","fˈɛɹ,fˈɛɹ"
"465,1546","face,face","tvář,čelit","fˈeɪs,fˈeɪs"
"468,1621","exercise,exercise","cvičit,cvičení","ˈɛksɚsˌaɪz,ˈɛksɚsˌaɪz"
"469,4442","excuse,excuse","omluva,omluvit","ɛkskjˈuːs,ɛkskjˈuːs"
"479,3545","near,near","u,blízko","nˈɪɹ,nˈɪɹ"
"481,2155,6785","need,need,need","potřeba,nutnost,potřebovat","nˈiːd,nˈiːd,nˈiːd"
"487,488","that,that","že,aby","ðˈæt,ðˈæt"
"492,5816","test,test","test,zkoušet","tˈɛst,tˈɛst"
"507,3756","talk,talk","mluvit,hovor","tˈɔːk,tˈɔːk"
"520,521","to,to","k,na","tˈuː,tˈuː"
"528,2125","throw,throw","hod,hodit","θɹˈoʊ,θɹˈoʊ"
"543,1197","still,still","stále,nehybný","stˈɪl,stˈɪl"
"544,1223","step,step","krok,vykročit","stˈɛp,stˈɛp"
"545,3890","stay,stay","zůstat,pobyt","stˈeɪ,stˈeɪ"
"547,548","start,start","začít,start","stˈɑːɹt,stˈɑːɹt"
"549,4833","star,star","hvězda,zazářit","stˈɑːɹ,stˈɑːɹ"
"550,1257","stand,stand","stát,stánek","stˈænd,stˈænd"
"554,570","stop,stop","zastávka,zastavit","stˈɑːp,stˈɑːp"
"557,1781","spell,spell","kouzlo,kouzlit","spˈɛl,spˈɛl"
"573,1311","sweet,sweet","sladký,milý","swˈiːt,swˈiːt"
"575,3674","surprise,surprise","překvapení,překvapit","sɚpɹˈaɪz,sɚpɹˈaɪz"
"576,1321","surf,surf","serf,surfovat","sˈɜːf,sˈɜːf"
"584,5005","store,store","obchod,skladovat","stˈɔːɹ,stˈɔːɹ"
"597,1254","straight,straight","rovný,přímý","stɹˈeɪt,stɹˈeɪt"
"599,4347","top,top","dovršit,nahoře","tˈɑːp,tˈɑːp"
"601,4340","touch,touch","dotek,dotýkat","tˈʌtʃ,tˈʌtʃ"
"602,5139","win,win","výhra,vyhrát","wˈɪn,wˈɪn"
"603,5145","will,will","bude,vůle","wˈɪl,wˈɪl"
"606,607","whose,whose","čí,jehož","hˈuːz,hˈuːz"
"609,610","white,white","bílit,bílý","wˈaɪt,wˈaɪt"
"611,612","which,which","jaký,který","wˈɪtʃ,wˈɪtʃ"
"613,615","where,where","kam,kde","wˈɛɹ,wˈɛɹ"
"614,5118","wind,wind","vítr,natáhnout","wˈɪnd,wˈɪnd"
"616,628","when,when","když,kdy","wˈɛn,wˈɛn"
"618,619","what,what","jaký,co","wˈʌt,wˈʌt"
"621,622","well,well","studna,dobře","wˈɛl,wˈɛl"
"623,4159","welcome,welcome","vítejte,vítat","wˈɛlkʌm,wˈɛlkʌm"
"648,2323","worry,worry","starost,strachovat se","wˈʌɹi,wˈʌɹi"
"651,652","work,work","pracovat,práce","wˈɜːk,wˈɜːk"
"657,2292","wrong,wrong","špatně,křivdit","ɹˈɔŋ,ɹˈɔŋ"
"660,5327","water,water","voda,zalévat","wˈɔːɾɚ,wˈɔːɾɚ"
"664,4296","type,type","typ,psát na stroji","tˈaɪp,tˈaɪp"
"669,670","turn,turn","zatočit,obrat","tˈɜːn,tˈɜːn"
"679,5741","trip,trip","výlet,klopýtnout","tɹˈɪp,tɹˈɪp"
"681,2156","travel,travel","cestovat,cestování","tɹˈævəl,tɹˈævəl"
"682,2254","train,train","vlak,trénovat","tɹˈeɪn,tɹˈeɪn"
"691,692","watch,watch","hodinky,sledovat","wˈɑːtʃ,wˈɑːtʃ"
"693,694","wash,wash","umýt,praní","wˈɑːʃ,wˈɑːʃ"
"696,4048","warm,warm","teplo,teplý","wˈɔːɹm,wˈɔːɹm"
"698,5226","want,want","chtít,potřeba","wˈɔnt,wˈɔnt"
"700,701","walk,walk","chodit,chůze","wˈɔːk,wˈɔːk"
"702,4053","wake,wake","probudit,brázda","wˈeɪk,wˈeɪk"
"706,4014","vote,vote","hlasování,volební hlas","vˈoʊt,vˈoʊt"
"708,709","visit,visit","návštívit,návštěva","vˈɪzɪt,vˈɪzɪt"
"716,2313","use,use","použít,použití","jˈuːs,jˈuːs"
"723,7031","picture,picture","obrázek,vylíčit","pˈɪktʃɚ,pˈɪktʃɚ"
"725,2697","pick,pick","vybrat,výběr","pˈɪk,pˈɪk"
"728,729","phone,phone","telefonovat,telefon","fˈoʊn,fˈoʊn"
"738,739","pay,pay","platit,platba","pˈeɪ,pˈeɪ"
"740,2868","past,past","minulost,přes","pˈæst,pˈæst"
"743,2183","park,park","park,zaparkovat","pˈɑːɹk,pˈɑːɹk"
"745,2502","pardon,pardon","pardon,promiňte","pˈɑːɹdən,pˈɑːɹdən"
"751,2658","place,place","místo,umístit","plˈeɪs,plˈeɪs"
"755,5254","price,price","cena,ocenit","pɹˈaɪs,pɹˈaɪs"
"757,2878,5355","present,present,present","současnost,dárek,předvést","pɹˈɛzənt,pɹˈɛzənt,pɹˈɛzənt"
"763,2288","post,post","zveřejnit,pošta","pˈoʊst,pˈoʊst"
"768,2290","point,point","bod,ukázat","pˈɔɪnt,pˈɔɪnt"
"772,2774","please,please","prosím,potěšit","plˈiːz,plˈiːz"
"774,775","play,play","hrát,hra","plˈeɪ,plˈeɪ"
"777,2677","plan,plan","plán,plánovat","plˈæn,plˈæn"
"787,6824","now,now","teď,hned","nˈaʊ,nˈaʊ"
"791,792","note,note","poznamenat,poznámka","nˈoʊt,nˈoʊt"
"796,797","no,no","ne,žádný","nˈoʊ,nˈoʊ"
"812,813","paint,paint","malovat,nátěr","pˈeɪnt,pˈeɪnt"
"817,2019","own,own","vlastní,vlastnit","ˈoʊn,ˈoʊn"
"819,7054","outside,outside","vnější,mimo","aʊtsˈaɪd,aʊtsˈaɪd"
"824,2364","order,order","objednávka,objednat","ˈɔːɹdɚ,ˈɔːɹdɚ"
"828,829","open,open","otevřít,otevřeno","ˈoʊpən,ˈoʊpən"
"832,833","one,one","jeden,jedna","wˈʌn,wˈʌn"
"834,6808","once,once","jednou,kdysi","wˈʌns,wˈʌns"
"835,2314","on,on","při,na","ˈɔn,ˈɔn"
"839,2521","programme,programme","program,naprogramovat","pɹˈoʊɡɹæm,pɹˈoʊɡɹæm"
"845,5228","shower,shower","sprcha,sprchovat","ʃˈaʊɚ,ʃˈaʊɚ"
"846,1739","show,show","šou,ukázat","ʃˈoʊ,ʃˈoʊ"
"849,850","short,short","krátit,krátký","ʃˈɔːɹt,ʃˈɔːɹt"
"852,4570","shop,shop","obchod,nakupovat","ʃˈɑːp,ʃˈɑːp"
"856,4634","ship,ship","loď,dopravovat lodí","ʃˈɪp,ʃˈɪp"
"859,1669","share,share","sdílet,podíl","ʃˈɛɹ,ʃˈɛɹ"
"864,1744","set,set","sestavit,soubor","sˈɛt,sˈɛt"
"866,4916","sentence,sentence","věta,odsoudit","sˈɛntəns,sˈɛntəns"
"876,1919","snow,snow","sníh,sněžení","snˈoʊ,snˈoʊ"
"879,1909","smoke,smoke","kouř,kouřit","smˈoʊk,smˈoʊk"
"881,4450","smile,smile","úsměv,úsmívat se","smˈaɪl,smˈaɪl"
"882,4452","smell,smell","vůně,vonět","smˈɛl,smˈɛl"
"885,4695","sign,sign","znamení,podepsat","sˈaɪn,sˈaɪn"
"899,4434","sleep,sleep","spát,spánek","slˈiːp,slˈiːp"
"904,5334","review,review","recenze,recenzovat","ɹᵻvjˈuː,ɹᵻvjˈuː"
"905,3478","result,result","výsledek,vyplývat","ɹɪzˈʌlt,ɹɪzˈʌlt"
"913,914","real,real","skutečný,nemovitý","ɹˈiːəl,ɹˈiːəl"
"921,922","rain,rain","pršet,déšť","ɹˈeɪn,ɹˈeɪn"
"925,5648","quiet,quiet","klid,tichý","kwˈaɪət,kwˈaɪət"
"927,5660","question,question","otázka,dotazovat se","kwˈɛstʃən,kwˈɛstʃən"
"931,932","ride,ride","jízda,jezdit","ɹˈaɪd,ɹˈaɪd"
"938,5607","saw,saw","pila,pilovat","sˈɔː,sˈɔː"
"947,948","run,run","běžet,běh","ɹˈʌn,ɹˈʌn"
"950,5437","rule,rule","pravidlo,vládnout","ɹˈuːl,ɹˈuːl"
"952,5889","row,row","řádek,veslovat","ɹˈoʊ,ɹˈoʊ"
"957,1255","ring,ring","prsten,kroužek","ɹˈɪŋ,ɹˈɪŋ"
"958,959,1248","right,right,right","správný,právo,narovnat","ɹˈaɪt,ɹˈaɪt,ɹˈaɪt"
"967,969,8442","behind,behind,behind","stát za něčím,za,za","bᵻhˈaɪnd,bᵻhˈaɪnd,bᵻhˈaɪnd"
"976,2952","block,block","blok,zablokovat","blˈɑːk,blˈɑːk"
"983,3017","bat,bat","netopýr,pálka","bˈæt,bˈæt"
"984,1953","better,better","lepší,zlepšit se","bˈɛɾɚ,bˈɛɾɚ"
"988,1251","before,before","před,dříve než","bᵻfˈɔːɹ,bᵻfˈɔːɹ"
"993,2721","board,board","rada,nalodit se","bˈɔːɹd,bˈɔːɹd"
"996,1001","blue,blue","smutný,modrý","blˈuː,blˈuː"
"997,6267","bottle,bottle","láhev,lahvovat","bˈɑːɾəl,bˈɑːɾəl"
"1011,4690","bowl,bowl","miska,hrát bowling","bˈoʊl,bˈoʊl"
"1013,1014","best,best","nejlepší,nejlepší způsob","bˈɛst,bˈɛst"
"1018,1117","brush,brush","štětec,kartáčovat","bɹˈʌʃ,bɹˈʌʃ"
"1030,1152","bear,bear","medvěd,nést","bˈɛɹ,bˈɛɹ"
"1032,1033,2033,3105","back,back,back,back","zadní,podpořit,zpět,minulý","bˈæk,bˈæk,bˈæk,bˈæk"
"1036,1591","break,break","zlomit,přerušení","bɹˈeɪk,bɹˈeɪk"
"1037,1040","any,any","nějaký,kterýkoliv","ˈɛni,ˈɛni"
"1042,1043","black,black","černý,očernit","blˈæk,blˈæk"
"1045,2085,4199","after,after,after","poté co,po,za","ˈæftɚ,ˈæftɚ,ˈæftɚ"
"1047,1280","along,along","podél,s sebou","ɐlˈɔŋ,ɐlˈɔŋ"
"1051,1137","alone,alone","jediný,sám","ɐlˈoʊn,ɐlˈoʊn"
"1054,1505","all,all","vše,celý","ˈɔːl,ˈɔːl"
"1064,2173","around,around","přibližně,kolem","ɚɹˈaʊnd,ɚɹˈaʊnd"
"1073,1835","brown,brown","hnědý,hnědnout","bɹˈaʊn,bɹˈaʊn"
"1075,4293","address,address","adresa,oslovit","ɐdɹˈɛs,ɐdɹˈɛs"
"1076,2454","as,as","jakmile,jako","ˈæz,ˈæz"
"1078,3203","bar,bar","tyč,bar","bˈɑːɹ,bˈɑːɹ"
"1081,1100","below,below","pod,níže","bᵻlˈoʊ,bᵻlˈoʊ"
"1083,2372","can,can","může,plechovka","kˈæn,kˈæn"
"1093,3346","arm,arm","paže,ozbrojit","ˈɑːɹm,ˈɑːɹm"
"1094,1101","about,about","o,okolo","ɐbˈaʊt,ɐbˈaʊt"
"1097,1397","call,call","volání,volat","kˈɔːl,kˈɔːl"
"1098,1099,4143","above,above,above","více než,výše,nad","əbˈʌv,əbˈʌv,əbˈʌv"
"1102,1639","another,another","další,jiný","ɐnˈʌðɚ,ɐnˈʌðɚ"
"1103,4640","book,book","kniha,rezervovat","bˈʊk,bˈʊk"
"1112,2350","camp,camp","tábor,tábořit","kˈæmp,kˈæmp"
"1114,1116","answer,answer","odpovědět,odpověď","ˈænsɚ,ˈænsɚ"
"1122,2398","bank,bank","banka,břeh řeky","bˈæŋk,bˈæŋk"
"1125,1128","cross,cross","přejít,kříž","kɹˈɔs,kɹˈɔs"
"1132,5015","roll,roll","role (např. papíru),rolovat","ɹˈoʊl,ɹˈoʊl"
"1133,3963","count,count","počítat,počet","kˈaʊnt,kˈaʊnt"
"1136,5278","roast,roast","opékat,pečeně","ɹˈoʊst,ɹˈoʊst"
"1140,3056","knock,knock","klepání,klepat","nˈɑːk,nˈɑːk"
"1142,6657","cruise,cruise","plavba,plavit se","kɹˈuːz,kɹˈuːz"
"1143,5124","stamp,stamp","razítko,orazit","stˈæmp,stˈæmp"
"1175,4924","rock,rock","skála,otřásat","ɹˈɑːk,ɹˈɑːk"
"1176,3997","strike,strike","stávka,udeřit","stɹˈaɪk,stɹˈaɪk"
"1194,6558","deep,deep","hlubina,hluboký","dˈiːp,dˈiːp"
"1195,7214","influence,influence","vliv,ovlivnit","ˈɪnfluːəns,ˈɪnfluːəns"
"1202,3839","deal,deal","dohoda,jednat","dˈiːl,dˈiːl"
"1217,1238","return,return","návrat,vrátit","ɹᵻtˈɜːn,ɹᵻtˈɜːn"
"1224,1235","alright,alright","v pořádku,dobře","ɔːlɹˈaɪt,ɔːlɹˈaɪt"
"1225,3614","interest,interest","zajímat,úrok","ˈɪntɹɛst,ˈɪntɹɛst"
"1236,6570","budget,budget","naplánovat,rozpočet","bˈʌdʒɪt,bˈʌdʒɪt"
"1237,3891","delay,delay","zpoždění,zdržet","dᵻlˈeɪ,dᵻlˈeɪ"
"1263,3514","joke,joke","vtip,žertovat","dʒˈoʊk,dʒˈoʊk"
"1268,7482","issue,issue","problém,vydat","ˈɪʃuː,ˈɪʃuː"
"1270,5165,5188","state,state,state","stát,stav,uvést","stˈeɪt,stˈeɪt,stˈeɪt"
"1287,7486","jam,jam","džem,nacpat","dʒˈæm,dʒˈæm"
"1290,1402","cost,cost","náklady,stát (peníze)","kˈɔst,kˈɔst"
"1293,3795","coast,coast","pobřeží,sjíždět bez motoru","kˈoʊst,kˈoʊst"
"1300,3790","sweat,sweat","potit,pot","swˈɛt,swˈɛt"
"1304,7444","bargain,bargain","výhodná dohoda,vyjednávat","bˈɑːɹɡɪn,bˈɑːɹɡɪn"
"1312,3780","click,click","cvaknutí,klikněte","klˈɪk,klˈɪk"
"1322,3224","release,release","propuštění,uvolnění","ɹᵻlˈiːs,ɹᵻlˈiːs"
"1325,1326","comic,comic","vtipný,komik","kˈɑːmɪk,kˈɑːmɪk"
"1332,7380","load,load","zatížení,naložit","lˈoʊd,lˈoʊd"
"1333,6357","comb,comb","hřeben,česat","kˈoʊm,kˈoʊm"
"1339,3288","lock,lock","zámek,uzamknout","lˈɑːk,lˈɑːk"
"1342,3675","alarm,alarm","poplach,zděšení","ɐlˈɑːɹm,ɐlˈɑːɹm"
"1344,5573","regret,regret","litovat,lítost","ɹᵻɡɹˈɛt,ɹᵻɡɹˈɛt"
"1347,3778","clear,clear","jasný,vyčistit","klˈɪɹ,klˈɪɹ"
"1362,1365","mark,mark","označit,značka","mˈɑːɹk,mˈɑːɹk"
"1366,3735","chat,chat","povídání,bavit se","tʃˈæt,tʃˈæt"
"1367,3180","market,market","propagovat,trh","mˈɑːɹkɪt,mˈɑːɹkɪt"
"1373,3208","male,male","muž,samec","mˈeɪl,mˈeɪl"
"1380,6527","classic,classic","klasický,znamenitý","klˈæsɪk,klˈæsɪk"
"1383,3818","claim,claim","požadovat,tvrzení","klˈeɪm,klˈeɪm"
"1392,7457","major,major","hlavní,major","mˈeɪdʒɚ,mˈeɪdʒɚ"
"1393,3142","barbecue,barbecue","grilování,gril","bˈɑːɹbɪkjˌuː,bˈɑːɹbɪkjˌuː"
"1405,2984","reply,reply","odpověď,odpovědět","ɹᵻplˈaɪ,ɹᵻplˈaɪ"
"1412,2991","lead,lead","vést,olovo","lˈiːd,lˈiːd"
"1416,3956","control,control","řízení,kontrolovat","kəntɹˈoʊl,kəntɹˈoʊl"
"1420,1421","contact,contact","kontaktovat,kontakt","kˈɑːntækt,kˈɑːntækt"
"1425,1426","repair,repair","opravit,oprava","ɹᵻpˈɛɹ,ɹᵻpˈɛɹ"
"1430,2981","report,report","zpráva,oznámit","ɹᵻpˈɔːɹt,ɹᵻpˈɔːɹt"
"1433,5473","research,research","výzkum,zkoumat","ɹᵻsˈɜːtʃ,ɹᵻsˈɜːtʃ"
"1437,5419","stuff,stuff","věc,nacpat","stˈʌf,stˈʌf"
"1438,3121","land,land","země,přistát","lˈænd,lˈænd"
"1443,3086","request,request","žádost,požadovat","ɹᵻkwˈɛst,ɹᵻkwˈɛst"
"1444,3920","burn,burn","hořet,spálit","bˈɜːn,bˈɜːn"
"1446,3094","last,last","poslední,trvat","lˈæst,lˈæst"
"1454,7526","latter,latter","poslední,druhý ze dvou","lˈæɾɚ,lˈæɾɚ"
"1459,3216","base,base","základna,báze","bˈeɪs,bˈeɪs"
"1463,3008","lie,lie","lež,lhát","lˈaɪ,lˈaɪ"
"1475,3658","complete,complete","kompletní,dokončit","kəmplˈiːt,kəmplˈiːt"
"1479,3652","support,support","podpora,podporovat","səpˈɔːɹt,səpˈɔːɹt"
"1488,6343","concern,concern","znepokojení,týkat se","kənsˈɜːn,kənsˈɜːn"
"1491,1995","rent,rent","pronajmout,nájemné","ɹˈɛnt,ɹˈɛnt"
"1493,1494","suit,suit","oblek,vyhovovat","sˈuːt,sˈuːt"
"1512,3015","level,level","úroveň,zarovnat","lˈɛvəl,lˈɛvəl"
"1528,1529","extra,extra","další,navíc","ˈɛkstɹə,ˈɛkstɹə"
"1535,4687","skate,skate","brusle,bruslit","skˈeɪt,skˈeɪt"
"1538,4680","express,express","rychlík,vyjádřit","ɛkspɹˈɛs,ɛkspɹˈɛs"
"1544,4647","sink,sink","dřez,potopit","sˈɪŋk,sˈɪŋk"
"1547,2916","graduate,graduate","absolvovat,absolvent","ɡɹˈædʒuːət,ɡɹˈædʒuːət"
"1559,4663","fancy,fancy","módní,představit si","fˈænsi,fˈænsi"
"1563,4659","fall,fall","pád,podzim","fˈɔːl,fˈɔːl"
"1573,4649","single,single","jedinný,svobodný","sˈɪŋɡəl,sˈɪŋɡəl"
"1578,5799","slide,slide","skluzavka,sklouznout","slˈaɪd,slˈaɪd"
"1587,2869","blame,blame","vina,obviňovat","blˈeɪm,blˈeɪm"
"1598,5821","screw,screw","šroub,šroubovat","skɹˈuː,skɹˈuː"
"1601,5459","screen,screen","obrazovka,kontrolovat","skɹˈiːn,skɹˈiːn"
"1604,4459","even,even","sudý,dokonce","ˈiːvən,ˈiːvən"
"1606,5801","slice,slice","plátek,krájet","slˈaɪs,slˈaɪs"
"1608,4670","ski,ski","lyže,lyžovat","skˈiː,skˈiː"
"1620,2809","search,search","vyhledávání,vyhledávat","sˈɜːtʃ,sˈɜːtʃ"
"1622,5964","brake,brake","brzda,brzdit","bɹˈeɪk,bɹˈeɪk"
"1624,6190","guard,guard","hlídat,stráž","ɡˈɑːɹd,ɡˈɑːɹd"
"1626,4437","exchange,exchange","výměna,vyměnit","ɛkstʃˈeɪndʒ,ɛkstʃˈeɪndʒ"
"1630,1631","except,except","vyjmout,kromě","ɛksˈɛpt,ɛksˈɛpt"
"1632,4431","branch,branch","větev,pobočka","bɹˈæntʃ,bɹˈæntʃ"
"1640,2762","fry,fry","potěr,smažit","fɹˈaɪ,fɹˈaɪ"
"1644,5137","shock,shock","šok,šokovat","ʃˈɑːk,ʃˈɑːk"
"1646,2786","shadow,shadow","stín,stínit","ʃˈædoʊ,ʃˈædoʊ"
"1648,2791","function,function","fungovat,funkce","fˈʌŋkʃən,fˈʌŋkʃən"
"1650,4636","fool,fool","blázen,pobláznit","fˈuːl,fˈuːl"
"1654,4574","flood,flood","zaplavit,potopa","flˈʌd,flˈʌd"
"1656,4572","float,float","plovák,plovat","flˈoʊt,flˈoʊt"
"1661,2766","further,further","další,vzdálenější","fˈɜːðɚ,fˈɜːðɚ"
"1670,2744","shape,shape","tvar,tvarovar","ʃˈeɪp,ʃˈeɪp"
"1678,5208","shell,shell","skořápka,granát","ʃˈɛl,ʃˈɛl"
"1689,6278","force,force","síla,platnost","fˈɔːɹs,fˈɔːɹs"
"1695,2849","handle,handle","držadlo,zacházet s","hˈændəl,hˈændəl"
"1700,4701","bother,bother","dát si námahu,obtěžovat","bˈɑːðɚ,bˈɑːðɚ"
"1703,4700","few,few","pár,málo","fjˈuː,fjˈuː"
"1705,6269","female,female","žena,samička","fˈiːmeɪl,fˈiːmeɪl"
"1707,4932","separate,separate","samostatný,oddělit","sˈɛpɹət,sˈɛpɹət"
"1715,6260","fear,fear","strach,obávat se","fˈɪɹ,fˈɪɹ"
"1717,5013","sense,sense","smysl,cítit","sˈɛns,sˈɛns"
"1719,1721","silver,silver","stříbro,stříbrný","sˈɪlvɚ,sˈɪlvɚ"
"1724,6262","feature,feature","funkce,rys","fˈiːtʃɚ,fˈiːtʃɚ"
"1729,4560,6273,7876","fit,fit,fit,fit","fit,namontovat,způsobilý,fit","fˈɪt,fˈɪt,fˈɪt,fˈɪt"
"1736,4597","shout,shout","výkřik,křičet","ʃˈaʊt,ʃˈaʊt"
"1748,1749","final,final","odkončit,finále","fˈaɪnəl,fˈaɪnəl"
"1751,4646","film,film","film,blána","fˈɪlm,fˈɪlm"
"1757,4425","escape,escape","únik,uniknout","ɛskˈeɪp,ɛskˈeɪp"
"1759,6064","doubt,doubt","pochyba,pochybovat","dˈaʊt,dˈaʊt"
"1760,6061,6062","double,double,double","dvojnásobek,zdvojnásobit,dvojník","dˈʌbəl,dˈʌbəl,dˈʌbəl"
"1775,4846","speed,speed","rychlost,chvátat","spˈiːd,spˈiːd"
"1776,4767","divide,divide","rozdělit,předěl","dᵻvˈaɪd,dᵻvˈaɪd"
"1780,7190","bend,bend","ohnout,ohyb","bˈɛnd,bˈɛnd"
"1782,3464","rush,rush","spěch,pospíchat","ɹˈʌʃ,ɹˈʌʃ"
"1792,8183,8197","drill,drill,drill","vrtat,vrtat,vrták","dɹˈɪl,dɹˈɪl,dɹˈɪl"
"1797,5556","sound,sound","zvuk,znít","sˈaʊnd,sˈaʊnd"
"1805,3410","besides,besides","kromě,navíc","bᵻsˈaɪdz,bᵻsˈaɪdz"
"1809,4556","downstairs,downstairs","dole,přízemí","dˈaʊnstɛɹz,dˈaʊnstɛɹz"
"1810,7308","hug,hug","obejmout,objetí","hˈʌɡ,hˈʌɡ"
"1811,6019","download,download","stáhnout,stažení","dˈaʊnloʊd,dˈaʊnloʊd"
"1825,5720","spread,spread","šíření,šířit","spɹˈɛd,spɹˈɛd"
"1831,4808","direct,direct","řídit,přímý","dᵻɹˈɛkt,dᵻɹˈɛkt"
"1837,3361","increase,increase","zvýšení,přírůstek","ˈɪŋkɹiːs,ˈɪŋkɹiːs"
"1838,1839","square,square","náměstí,čtverec","skwˈɛɹ,skwˈɛɹ"
"1846,3333","round,round","kolo,zaokrouhlit","ɹˈaʊnd,ɹˈaʊnd"
"1851,4748","display,display","displej,zobrazit","dɪsplˈeɪ,dɪsplˈeɪ"
"1852,5462","splash,splash","šplouchat,šplouchnutí","splˈæʃ,splˈæʃ"
"1853,4745","split,split","podíl,rozdělit","splˈɪt,splˈɪt"
"1856,4757","dislike,dislike","nechuť,mít odpor","dɪslˈaɪk,dɪslˈaɪk"
"1858,3381","ruin,ruin","zničit,zřícenina","ɹˈuːɪn,ɹˈuːɪn"
"1895,5399","schedule,schedule","rozpis,naplánovat","skˈɛdʒuːl,skˈɛdʒuːl"
"1903,2589","heat,heat","teplo,vytápět","hˈiːt,hˈiːt"
"1905,2616","hate,hate","nenávist,nenávidět","hˈeɪt,hˈeɪt"
"1911,2846","scream,scream","výkřik,křičet","skɹˈiːm,skɹˈiːm"
"1921,2520","bite,bite","kousat,skus","bˈaɪt,bˈaɪt"
"1925,7299","harm,harm","újma,poškodit","hˈɑːɹm,hˈɑːɹm"
"1937,2622","hit,hit","udeřit,hit","hˈɪt,hˈɪt"
"1978,2645","bill,bill","účet,účtovat","bˈɪl,bˈɪl"
"1996,6295","frame,frame","rám,falešně obvinit","fɹˈeɪm,fɹˈeɪm"
"2005,2008","pack,pack","balit,balíček","pˈæk,pˈæk"
"2015,5892","tip,tip","tip,spropitné","tˈɪp,tˈɪp"
"2020,5886","range,range","rozsah,dostřel","ɹˈeɪndʒ,ɹˈeɪndʒ"
"2027,4189","while,while","zatímco,když","wˈaɪl,wˈaɪl"
"2032,3046","murder,murder","vražda,vraždit","mˈɜːdɚ,mˈɜːdɚ"
"2044,4157","account,account","účet,zpráva","ɐkˈaʊnt,ɐkˈaʊnt"
"2048,4054","view,view","pohled,vidět","vjˈuː,vjˈuː"
"2074,4931","professional,professional","profesionální,odborný","pɹəfˈɛʃənəl,pɹəfˈɛʃənəl"
"2081,3028","model,model","model,modelovat","mˈɑːdəl,mˈɑːdəl"
"2096,5788","rate,rate","sazba,hodnotit","ɹˈeɪt,ɹˈeɪt"
"2100,2983","rap,rap","rap,klepat","ɹˈæp,ɹˈæp"
"2104,4184","whole,whole","celý,celek","hˈoʊl,hˈoʊl"
"2105,4225","tie,tie","uvázat,kravat","tˈaɪ,tˈaɪ"
"2106,2107","tidy,tidy","uklizeno,uklidit","tˈaɪdi,tˈaɪdi"
"2133,3344","notice,notice","oznámení,všimnout si","nˈoʊɾɪs,nˈoʊɾɪs"
"2134,2536","print,print","vytisknout,výtisk","pɹˈɪnt,pɹˈɪnt"
"2139,3566","quality,quality","kvalita,kvalitní","kwˈɔlᵻɾi,kwˈɔlᵻɾi"
"2140,2865","patient,patient","pacient,trpělivý","pˈeɪʃənt,pˈeɪʃənt"
"2158,5645","quit,quit","přestat,odejít","kwˈɪt,kwˈɪt"
"2163,4034","wave,wave","vlna,mávat","wˈeɪv,wˈeɪv"
"2167,5664","trick,trick","klam,oklamat","tɹˈɪk,tɹˈɪk"
"2170,5771","trust,trust","důvěřovat,důvěra","tɹˈʌst,tɹˈʌst"
"2171,2180","average,average","zprůměrovat,průměrný","ˈævɹɪdʒ,ˈævɹɪdʒ"
"2172,5288","principal,principal","hlavní,ředitel školy","pɹˈɪnsɪpəl,pɹˈɪnsɪpəl"
"2175,4032","act,act","akt,jednat","ˈækt,ˈækt"
"2177,2179","across,across","napříč,přes","əkɹˈɑːs,əkɹˈɑːs"
"2178,4334","trouble,trouble","problémy,trápit","tɹˈʌbəl,tɹˈʌbəl"
"2182,3495","net,net","síť,netto","nˈɛt,nˈɛt"
"2187,3610","award,award","cena,ocenit","ɐwˈɔːɹd,ɐwˈɔːɹd"
"2192,2193","pass,pass","přihrávka,přejít","pˈæs,pˈæs"
"2211,5774","trade,trade","obchod,obchodovat","tɹˈeɪd,tɹˈeɪd"
"2217,5862","track,track","dráha,sledovat","tɹˈæk,tɹˈæk"
"2222,2224","adult,adult","dospělý (podstatné jméno),dospělý (přídavné jméno)","ɐdˈʌlt,ɐdˈʌlt"
"2231,6914","musical,musical","hudební,muzikál","mjˈuːzɪkəl,mjˈuːzɪkəl"
"2232,2928","assistant,assistant","asistent,pomocný","ɐsˈɪstənt,ɐsˈɪstənt"
"2240,7145","panic,panic","panika,panikařit","pˈænɪk,pˈænɪk"
"2269,7106","part,part","část,oddělit","pˈɑːɹt,pˈɑːɹt"
"2270,6925","mix,mix","směs,smíchat","mˈɪks,mˈɪks"
"2281,4060","upstairs,upstairs","patro,nahoru","ʌpstˈɛɹz,ʌpstˈɛɹz"
"2286,3157","record,record","zaznamenat,záznam","ɹˈɛkɚd,ɹˈɛkɚd"
"2287,2294","attack,attack","útok,útočit","ɐtˈæk,ɐtˈæk"
"2297,5038","upset,upset","naštvaný,naštvat","ʌpsˈɛt,ʌpsˈɛt"
"2298,4252","tape,tape","páska,nahrát","tˈeɪp,tˈeɪp"
"2300,3211","mention,mention","zmínka,zmínit","mˈɛnʃən,mˈɛnʃən"
"2318,5466","tap,tap","klepnout,dřezová baterie","tˈæp,tˈæp"
"2327,4278","tear,tear","roztrhnout,slza","tˈɪɹ,tˈɪɹ"
"2329,2764","plenty,plenty","spousta,hojnost","plˈɛnti,plˈɛnti"
"2346,3384","attempt,attempt","pokus,pokusit","ɐtˈɛmpt,ɐtˈɛmpt"
"2354,6447","challenge,challenge","výzva,vyzývat","tʃˈælɪndʒ,tʃˈælɪndʒ"
"2380,6435","cause,cause","způsobit,příčina","kˈɔːz,kˈɔːz"
"2396,3421","opposite,opposite","naproti,protější","ˈɑːpəzˌɪt,ˈɑːpəzˌɪt"
"2397,7083","original,original","původní,prvotní","ɚɹˈɪdʒɪnəl,ɚɹˈɪdʒɪnəl"
"2411,4118","wonder,wonder","divit se,zázrak","wˈʌndɚ,wˈʌndɚ"
"2416,4914","value,value","hodnota,cenit si","vˈæljuː,vˈæljuː"
"2418,2436","offer,offer","nabídka,nabízet","ˈɔfɚ,ˈɔfɚ"
"2431,2629","promise,promise","slib,slibovat","pɹˈɑːmɪs,pɹˈɑːmɪs"
"2443,2672","plant,plant","rostlina,zasadit","plˈænt,plˈænt"
"2455,3437","public,public","veřejný,veřejnost","pˈʌblɪk,pˈʌblɪk"
"2459,3035","reach,reach","dosáhnout,dosah","ɹˈiːtʃ,ɹˈiːtʃ"
"2460,2463","text,text","text,textovat","tˈɛkst,tˈɛkst"
"2473,2671","plastic,plastic","plast,plastový","plˈæstɪk,plˈæstɪk"
"2511,8066,8072","hanging,hanging,hanging","závěsný,závěsný,oběšení","hˈæŋɪŋ,hˈæŋɪŋ,hˈæŋɪŋ"
"2515,7279","highlight,highlight","vyzdvihnout,zvýraznění","hˈaɪlaɪt,hˈaɪlaɪt"
"2516,4917","progress,progress","pokrok,pokročit","pɹˈɑːɡɹɛs,pɹˈɑːɡɹɛs"
"2525,2530","score,score","skóre,skórovat","skˈɔːɹ,skˈɔːɹ"
"2558,7085","outline,outline","načrtnout,obrys","ˈaʊtlaɪn,ˈaʊtlaɪn"
"2592,4888","process,process","proces,zpracovat","pɹˈɑːsɛs,pɹˈɑːsɛs"
"2612,7292","haunt,haunt","strašit,sužovat","hˈɔːnt,hˈɔːnt"
"2643,5621","scan,scan","sken,skenovat","skˈæn,skˈæn"
"2647,5435","scratch,scratch","škrábnutí,poškrábat","skɹˈætʃ,skɹˈætʃ"
"2653,2660","service,service","sloužit,služba","sˈɜːvɪs,sˈɜːvɪs"
"2654,5107","pound,pound","libra,tlouci","pˈaʊnd,pˈaʊnd"
"2665,2682","general,general","obecný,generál","dʒˈɛnɚɹəl,dʒˈɛnɚɹəl"
"2684,5116","powder,powder","prášek,poprášit","pˈaʊdɚ,pˈaʊdɚ"
"2690,2693","arrest,arrest","zatčení,zatknout","ɚɹˈɛst,ɚɹˈɛst"
"2694,5138","praise,praise","chvála,chválit","pɹˈeɪz,pɹˈeɪz"
"2696,8780,8782","glint,glint,glint","záblesk,záblesk,záblísknout","ɡlˈɪnt,ɡlˈɪnt,ɡlˈɪnt"
"2701,2702","glance,glance","pohlédnout,pohled","ɡlˈæns,ɡlˈæns"
"2720,6136","blush,blush","zrudnout,růžová","blˈʌʃ,blˈʌʃ"
"2739,6150","bold,bold","odvážné,tučné písmo","bˈoʊld,bˈoʊld"
"2745,2758","bomb,bomb","bombardovat,bomba","bˈɑːm,bˈɑːm"
"2773,2775","gain,gain","zisk,získat","ɡˈeɪn,ɡˈeɪn"
"2779,6999","plug,plug","zástrčka,zastrčit","plˈʌɡ,plˈʌɡ"
"2782,7016","poison,poison","jed,otrávit","pˈɔɪzən,pˈɔɪzən"
"2793,2794","fund,fund","fond,financovat","fˈʌnd,fˈʌnd"
"2803,6189","guarantee,guarantee","záruka,zaručit","ɡˌæɹəntˈiː,ɡˌæɹəntˈiː"
"2805,2806","press,press","stiskněte,stlačit","pɹˈɛs,pɹˈɛs"
"2812,2814","guide,guide","provádět,průvodce","ɡˈaɪd,ɡˈaɪd"
"2815,2837","pause,pause","pozastavit,pauza","pˈɔːz,pˈɔːz"
"2825,2826","grill,grill","gril,grilovat","ɡɹˈɪl,ɡɹˈɪl"
"2855,7289","hammer,hammer","zatloukat,kladivo","hˈæmɚ,hˈæmɚ"
"2877,6185","blend,blend","smíchat,směs","blˈɛnd,blˈɛnd"
"2880,6215","gossip,gossip","drby,klábosit","ɡˈɑːsɪp,ɡˈɑːsɪp"
"2907,4864","antique,antique","starožitnost,antický","æntˈiːk,æntˈiːk"
"2935,2951","grant,grant","udělit,grant","ɡɹˈænt,ɡɹˈænt"
"2961,7387","lean,lean","naklánět se,štíhlý","lˈiːn,lˈiːn"
"2963,7388","leap,leap","skok,skočit","lˈiːp,lˈiːp"
"2965,2967","monitor,monitor","monitor,kontrolovat","mˈɑːnɪɾɚ,mˈɑːnɪɾɚ"
"2999,5534","remark,remark","poznámka,poznamenat","ɹᵻmˈɑːɹk,ɹᵻmˈɑːɹk"
"3011,6893","balance,balance","váhy,vyrovnávat","bˈæləns,bˈæləns"
"3013,3081","lift,lift","výtah,zvednout","lˈɪft,lˈɪft"
"3051,7557","beat,beat","rytmus,porazit","bˈiːt,bˈiːt"
"3054,5449","resident,resident","obyvatel,usedlý","ɹˈɛzᵻdənt,ɹˈɛzᵻdənt"
"3065,3526","respect,respect","úcta,respektovat","ɹᵻspˈɛkt,ɹᵻspˈɛkt"
"3067,7780,7781","resort,resort,resort","letovisko,letovisko,uchýlit se k","ɹᵻzˈɔːɹt,ɹᵻzˈɔːɹt,ɹᵻzˈɔːɹt"
"3070,3083","reserve,reserve","rezervovat,rezerva","ɹɪzˈɜːv,ɹɪzˈɜːv"
"3101,6905","mount,mount","hora,namontovat","mˈaʊnt,mˈaʊnt"
"3104,3120","rescue,rescue","záchrana,zachránit","ɹˈɛskjuː,ɹˈɛskjuː"
"3127,7448","bare,bare","holý,prostý","bˈɛɹ,bˈɛɹ"
"3129,3130","register,register","zaregistrovat,rejstřík","ɹˈɛdʒɪstɚ,ɹˈɛdʒɪstɚ"
"3136,3137","measure,measure","změřit,opatření","mˈɛʒɚ,mˈɛʒɚ"
"3160,3161","medium,medium","prostředí,střední","mˈiːdiəm,mˈiːdiəm"
"3196,3199","bang,bang","rána,trhnutí","bˈæŋ,bˈæŋ"
"3202,5396","regard,regard","považovat,ohled","ɹᵻɡˈɑːɹd,ɹᵻɡˈɑːɹd"
"3214,3215","liquid,liquid","kapalný,kapalina","lˈɪkwɪd,lˈɪkwɪd"
"3231,3232","link,link","spojit,odkaz","lˈɪŋk,lˈɪŋk"
"3243,3244","limit,limit","limit,omezit","lˈɪmɪt,lˈɪmɪt"
"3260,6887","mess,mess","nepořádek,zašpinit","mˈɛs,mˈɛs"
"3271,7443","bark,bark","kůra,štěkat","bˈɑːɹk,bˈɑːɹk"
"3285,3293","relative,relative","příbuzný,relativní","ɹˈɛlətˌɪv,ɹˈɛlətˌɪv"
"3304,6836","objective,objective","objektivní,cíl","ɑːbdʒˈɛktɪv,ɑːbdʒˈɛktɪv"
"3306,6835","object,object","objekt,namítat","ˈɑːbdʒɛkt,ˈɑːbdʒɛkt"
"3320,5868","appeal,appeal","odvolání,přitažlivost","ɐpˈiːl,ɐpˈiːl"
"3327,7433","mass,mass","mše,hmota","mˈæs,mˈæs"
"3358,7238","individual,individual","jednotlivec,individuální","ˌɪndᵻvˈɪdʒuːəl,ˌɪndᵻvˈɪdʒuːəl"
"3394,3396","hunt,hunt","lov,lovit","hˈʌnt,hˈʌnt"
"3416,5069","protest,protest","protest,protestovat","pɹˈoʊtɛst,pɹˈoʊtɛst"
"3449,7328","benefit,benefit","prospěch,mít prospěch z něčeho","bˈɛnɪfˌɪt,bˈɛnɪfˌɪt"
"3453,5620","safeguard,safeguard","záruka,chránit","sˈeɪfɡɑːɹd,sˈeɪfɡɑːɹd"
"3467,5313","risk,risk","riziko,riskovat","ɹˈɪsk,ɹˈɪsk"
"3471,3472","iron,iron","železo,žehlit","ˈaɪɚn,ˈaɪɚn"
"3487,5597","approach,approach","přístup,přiblížit","ɐpɹˈoʊtʃ,ɐpɹˈoʊtʃ"
"3504,5656","queue,queue","fronta,řadit se","kjˈuː,kjˈuː"
"3508,3509","rest,rest","odpočívat,odpočinek","ɹˈɛst,ɹˈɛst"
"3513,7553","joint,joint","spoj,kloub","dʒˈɔɪnt,dʒˈɔɪnt"
"3548,3549","race,race","závodit,závod","ɹˈeɪs,ɹˈeɪs"
"3564,5163","riddle,riddle","luštit,hádanka","ɹˈɪdəl,ɹˈɪdəl"
"3575,3576","rise,rise","stoupat,vzestup","ɹˈaɪz,ɹˈaɪz"
"3583,6757","nod,nod","kývnutí,pokývnout","nˈɑːd,nˈɑːd"
"3586,7211","initial,initial","počáteční,iniciála","ɪnˈɪʃəl,ɪnˈɪʃəl"
"3628,5091","reward,reward","odměna,odměnit","ɹᵻwˈɔːɹd,ɹᵻwˈɔːɹd"
"3640,6361","comment,comment","komentář,komentovat","kˈɑːmɛnt,kˈɑːmɛnt"
"3641,6374","commercial,commercial","komerční,reklamní šot","kəmˈɜːʃəl,kəmˈɜːʃəl"
"3654,5533","supply,supply","zásobování,zásobovat","səplˈaɪ,səplˈaɪ"
"3665,6498","butcher,butcher","řezník,zmasakrovat","bˈʊtʃɚ,bˈʊtʃɚ"
"3667,6429","collapse,collapse","kolaps,zhroutit se","kəlˈæps,kəlˈæps"
"3714,6334","compromise,compromise","kompromis,dohodnout se","kˈɑːmpɹəmˌaɪz,kˈɑːmpɹəmˌaɪz"
"3726,6375","conduct,conduct","chování,vést","kˈɑːndʌkt,kˈɑːndʌkt"
"3729,5614","suspect,suspect","podezřelý,tušit","sˈʌspɛkt,sˈʌspɛkt"
"3734,6465","chase,chase","štvanice,honit","tʃˈeɪs,tʃˈeɪs"
"3753,3774","charge,charge","útok,účtovat","tʃˈɑːɹdʒ,tʃˈɑːɹdʒ"
"3775,6514","chief,chief","hlavní,náčelník","tʃˈiːf,tʃˈiːf"
"3811,3821","switch,switch","přepnout,přepínač","swˈɪtʃ,swˈɪtʃ"
"3847,3867","damage,damage","poškození,poškotit","dˈæmɪdʒ,dˈæmɪdʒ"
"3862,3863","cycle,cycle","cyklus,kroužit","sˈaɪkəl,sˈaɪkəl"
"3868,5277","stick,stick","hůl,držet","stˈɪk,stˈɪk"
"3874,6571","delight,delight","rozkoš,udělat radost","dᵻlˈaɪt,dᵻlˈaɪt"
"3879,3880","demand,demand","požadovat,nárok","dᵻmˈænd,dᵻmˈænd"
"3895,6705","decline,decline","pokles,odmítnout","dᵻklˈaɪn,dᵻklˈaɪn"
"3897,3898","decrease,decrease","pokles,snížit","dˈiːkɹiːs,dˈiːkɹiːs"
"3914,6560","defeat,defeat","porazit,porážka","dᵻfˈiːt,dᵻfˈiːt"
"3935,5474","struggle,struggle","boj,zápasit","stɹˈʌɡəl,stɹˈʌɡəl"
"3937,7686","burst,burst","prasknutí,prasknout","bˈɜːst,bˈɜːst"
"3948,6402","content,content","spokojený,obsah","kˈɑːntɛnt,kˈɑːntɛnt"
"3959,5398","substitute,substitute","náhrada,nahradit","sˈʌbstɪtˌuːt,sˈʌbstɪtˌuːt"
"3965,3966","stream,stream","proudit,proud","stɹˈiːm,stɹˈiːm"
"3981,5650","strain,strain","kmen,namáhat","stɹˈeɪn,stɹˈeɪn"
"3985,6648","criminal,criminal","trestný,zločinec","kɹˈɪmɪnəl,kɹˈɪmɪnəl"
"3987,6678","counter,counter","čelit,počítadlo","kˈaʊntɚ,kˈaʊntɚ"
"3995,5458","strip,strip","pás,svléknout","stɹˈɪp,stɹˈɪp"
"3998,3999","crash,crash","pád,havarovat","kɹˈæʃ,kɹˈæʃ"
"4005,6642","burden,burden","břemeno,zatěžovat","bˈɜːdən,bˈɜːdən"
"4006,5796","stress,stress","stres,zdůrazňovat","stɹˈɛs,stɹˈɛs"
"4015,5271","volunteer,volunteer","dobrovolničit,dobrovolník","vˌɑːləntˈɪɹ,vˌɑːləntˈɪɹ"
"4037,4038","waste,waste","plýtvat,odpad","wˈeɪst,wˈeɪst"
"4057,4943","urge,urge","nutkání,urgovat","ˈɜːdʒ,ˈɜːdʒ"
"4064,5030","update,update","aktualizovat,aktualizace","ˈʌpdeɪt,ˈʌpdeɪt"
"4089,4102,9470","wax,wax,wax","vosk,voskovat,vosk","wˈæks,wˈæks,wˈæks"
"4104,5211","wound,wound","zranění,zranit","wˈuːnd,wˈuːnd"
"4121,5104","witness,witness","svědčit,svědek","wˈɪtnəs,wˈɪtnəs"
"4123,4125","wrap,wrap","balíček,zabalit","ɹˈæp,ɹˈæp"
"4130,4131","capture,capture","zachytit,zajmout","kˈæptʃɚ,kˈæptʃɚ"
"4142,5159","yell,yell","výkřik,křičet","jˈɛl,jˈɛl"
"4147,5096","wire,wire","drát,navléci","wˈaɪɚ,wˈaɪɚ"
"4148,9260","abundant,abundant","hojné,hojný","ɐbˈʌndənt,ɐbˈʌndənt"
"4182,5291","ache,ache","bolest,bolet","ˈeɪk,ˈeɪk"
"4187,5125","whistle,whistle","pískat,píšťalka","wˈɪsəl,wˈɪsəl"
"4188,5123","whisper,whisper","šepot,šeptat","wˈɪspɚ,wˈɪspɚ"
"4190,5319","whichever,whichever","podle toho,kterýkoliv","wɪtʃˈɛvɚ,wɪtʃˈɛvɚ"
"4193,5132","access,access","přístup,mít přístup","ˈæksɛs,ˈæksɛs"
"4194,6579","deposit,deposit","vklad,vložit","dᵻpˈɑːzɪt,dᵻpˈɑːzɪt"
"4227,4228","tick,tick","tikat,klíště","tˈɪk,tˈɪk"
"4277,5484","tease,tease","vtipálek,dráždit","tˈiːz,tˈiːz"
"4281,4283","aid,aid","pomoc,pomáhat","ˈeɪd,ˈeɪd"
"4284,5481","aim,aim","cíl,mířit","ˈeɪm,ˈeɪm"
"4298,4299","twist,twist","kroutit,krut","twˈɪst,twˈɪst"
"4337,5864","trace,trace","stopa,stopovat","tɹˈeɪs,tɹˈeɪs"
"4342,4343","total,total","součet,celkový","tˈoʊɾəl,tˈoʊɾəl"
"4346,5861","advance,advance","postupovat,záloha","ɐdvˈæns,ɐdvˈæns"
"4367,5651","treat,treat","léčit,zacházet","tɹˈiːt,tɹˈiːt"
"4371,5640","transport,transport","doprava,dopravovat","tɹˈænspɔːɹt,tɹˈænspɔːɹt"
"4376,5701","transfer,transfer","převádět,převod","tɹˈænsfɜː,tɹˈænsfɜː"
"4378,5676","trail,trail","stezka,stopovat","tɹˈeɪl,tɹˈeɪl"
"4396,5953","equal,equal","rovný,rovnat se","ˈiːkwəl,ˈiːkwəl"
"4401,5475","sneeze,sneeze","kýchnutí,kýchnout","snˈiːz,snˈiːz"
"4409,6085","encounter,encounter","setkání,setkat se","ɛŋkˈaʊntɚ,ɛŋkˈaʊntɚ"
"4453,5938","estimate,estimate","odhadovat,odhad","ˈɛstᵻmət,ˈɛstᵻmət"
"4472,4473","dump,dump","skládka,pustit k vodě","dˈʌmp,dˈʌmp"
"4499,6039","broadcast,broadcast","vysílání,vysílat","bɹˈɔːdkæst,bɹˈɔːdkæst"
"4516,5589","soil,soil","půda,zašpinit","sˈɔɪl,sˈɔɪl"
"4534,6103","breed,breed","množit,plemeno","bɹˈiːd,bɹˈiːd"
"4558,4644","exit,exit","odejít,výstup","ˈɛɡzɪt,ˈɛɡzɪt"
"4566,6304,6305","flash,flash,flash","záblesk,posvítit,rychle ukázat","flˈæʃ,flˈæʃ,flˈæʃ"
"4575,4576","flow,flow","tok,téci","flˈoʊ,flˈoʊ"
"4593,4594,8477","firm,firm,firm","firma,pevný,firma","fˈɜːm,fˈɜːm,fˈɜːm"
"4600,6231","finance,finance","financovat,finance","fˈaɪnæns,fˈaɪnæns"
"4608,4609","format,format","formát,naformátovat","fˈɔːɹmæt,fˈɔːɹmæt"
"4629,4630","fold,fold","složit,záhyb","fˈoʊld,fˈoʊld"
"4642,5204","shift,shift","řadit,posun","ʃˈɪft,ʃˈɪft"
"4656,5987","faint,faint","slabý,omdlít","fˈeɪnt,fˈeɪnt"
"4674,6012","experiment,experiment","experiment,experimentovat","ɛkspˈɛɹɪmənt,ɛkspˈɛɹɪmənt"
"4691,6268","fellow,fellow","druh,chlapík","fˈɛloʊ,fˈɛloʊ"
"4703,4903","sigh,sigh","povzdech,povzdechnout","sˈaɪ,sˈaɪ"
"4720,6253","bow,bow","luk,uklonit se","bˈoʊ,bˈoʊ"
"4725,6263","bounce,bounce","odskočit,odmítnout","bˈaʊns,bˈaʊns"
"4738,4838","dial,dial","vytočit telefon,číselník","dˈaɪəl,dˈaɪəl"
"4739,6533","designer,designer","designový,návrhář","dɪzˈaɪnɚ,dɪzˈaɪnɚ"
"4741,4778,9194","dive,dive,dive","skok,potápět se,potápět se","dˈaɪv,dˈaɪv,dˈaɪv"
"4787,6535","desire,desire","touha,toužit","dɪzˈaɪɚ,dɪzˈaɪɚ"
"4813,5787","sponsor,sponsor","sponzor,sponzorovat","spˈɑːnsɚ,spˈɑːnsɚ"
"4854,4855,4876","prompt,prompt,prompt","pohotový,napovídat,výzva","pɹˈɑːmpt,pɹˈɑːmpt,pɹˈɑːmpt"
"4872,4877","project,project","promítat,projekt","pɹˈɑːdʒɛkt,pɹˈɑːdʒɛkt"
"4940,4941","verse,verse","verš,veršovat","vˈɜːs,vˈɜːs"
"4946,4955","squash,squash","dýně,rozmáčkout","skwˈɑːʃ,skwˈɑːʃ"
"4989,4990","purchase,purchase","nankupovat,nákup","pˈɜːtʃɪs,pˈɜːtʃɪs"
"5006,5012","punch,punch","udeřit,úder","pˈʌntʃ,pˈʌntʃ"
"5009,5011","underground,underground","ilegální,podzemí","ˌʌndɚɡɹˈaʊnd,ˌʌndɚɡɹˈaʊnd"
"5032,5043","upgrade,upgrade","upgrade,upgradovat","ˈʌpɡɹeɪd,ˈʌpɡɹeɪd"
"5040,5047","upright,upright","vzpřímený,sloupek","ˈʌpɹaɪt,ˈʌpɹaɪt"
"5156,5157","yawn,yawn","zívnutí,zívat","jˈɔːn,jˈɔːn"
"5258,5264","retreat,retreat","útočiště,ustoupit","ɹᵻtɹˈiːt,ɹᵻtɹˈiːt"
"5283,5286","stain,stain","ušpinit,skvrna","stˈeɪn,stˈeɪn"
"5440,5443","stroke,stroke","úder,mrtvice","stɹˈoʊk,stɹˈoʊk"
"5444,5446","rebel,rebel","vzbouřit se,vzbouřenec","ɹˈɛbəl,ɹˈɛbəl"
"5467,5468","snore,snore","chrápat,chrápání","snˈɔːɹ,snˈɔːɹ"
"5507,5555","spare,spare","ušetřit,náhradní","spˈɛɹ,spˈɛɹ"
"5515,9041,9067","surge,surge,surge","přepětí,přepětí,nával","sˈɜːdʒ,sˈɜːdʒ,sˈɜːdʒ"
"5580,5599","swing,swing","houpačka,houpat","swˈɪŋ,swˈɪŋ"
"5641,5659","spray,spray","sprej,sprejovat","spɹˈeɪ,spɹˈeɪ"
"5694,5696","quote,quote","citovat,citát","kwˈoʊt,kwˈoʊt"
"5755,5757","quarrel,quarrel","hádka,hádat se","kwˈɔːɹəl,kwˈɔːɹəl"
"5843,5844","rape,rape","znásilňovat,znásilnění","ɹˈeɪp,ɹˈeɪp"
"5898,5911","slap,slap","facka,vrazit facku","slˈæp,slˈæp"
"5972,5973","extract,extract","výpis,vytáhnout","ˈɛkstɹækt,ˈɛkstɹækt"
"5999,6000","executive,executive","výkonný,vedoucí pracovník","ɛɡzˈɛkjuːtˌɪv,ɛɡzˈɛkjuːtˌɪv"
"6023,6024","drain,drain","vypustit,stoka","dɹˈeɪn,dɹˈeɪn"
"6043,6118","divorce,divorce","rozvést,rozvod","dᵻvˈɔːɹs,dᵻvˈɔːɹs"
"6100,6101","ease,ease","snadnost,zmírnit","ˈiːz,ˈiːz"
"6146,6149","bolt,bolt","prchat,šroub","bˈoʊlt,bˈoʊlt"
"6183,6194","grip,grip","rukojeť,uchopit","ɡɹˈɪp,ɡɹˈɪp"
"6186,6192","blaze,blaze","hořet,požár","blˈeɪz,blˈeɪz"
"6193,6737","blast,blast","vybuchnout,výbuch","blˈæst,blˈæst"
"6210,6220","bloody,bloody","krvavý,prokletý","blˈʌdi,blˈʌdi"
"6272,6274","boost,boost","podpora,zvýšit","bˈuːst,bˈuːst"
"6320,6321","bookmark,bookmark","založit,záložka","bˈʊkmɑːɹk,bˈʊkmɑːɹk"
"6346,6347","concrete,concrete","konkrétní,beton","kˈɑːŋkɹiːt,kˈɑːŋkɹiːt"
"6364,7785,7786,9589","commission,commission,commission,commission","komise,zakázka,zadat,komise","kəmˈɪʃən,kəmˈɪʃən,kəmˈɪʃən,kəmˈɪʃən"
"6385,8769,8770","converse,converse,converse","konverzovat,opačný,hovořit","kˈɑːnvɜːs,kˈɑːnvɜːs,kˈɑːnvɜːs"
"6388,7842,7843","contract,contract,contract","smlouva,smlouva,nasmlouvat","kˈɑːntɹækt,kˈɑːntɹækt,kˈɑːntɹækt"
"6475,6476,8121,8122,8123","cast,cast,cast,cast,cast","obsazení,odlitek,vrhat,odlitek,obsazení","kˈæst,kˈæst,kˈæst,kˈæst,kˈæst"
"6486,6488","buzz,buzz","vzrušení,bzučet","bˈʌz,bˈʌz"
"6609,6631","disguise,disguise","přestrojit se,přestrojení","dɪsɡˈaɪz,dɪsɡˈaɪz"
"6637,6638","crack,crack","trhlina,prasknout","kɹˈæk,kɹˈæk"
"6695,6696","debit,debit","debetní,dlužit","dˈɛbɪt,dˈɛbɪt"
"6712,6724","dash,dash","sprint,pomlčka","dˈæʃ,dˈæʃ"
"6713,6735","darling,darling","rozkošný,miláček","dˈɑːɹlɪŋ,dˈɑːɹlɪŋ"
"6731,6732","damn,damn","sakra,proklít","dˈæm,dˈæm"
"6740,6741,6742","neither,neither,neither","ani,žádný,ani jeden ze dvou","nˈiːðɚ,nˈiːðɚ,nˈiːðɚ"
"6784,7947","awe,awe","úžas,hrůza","ˈɔː,ˈɔː"
"6802,6803","attribute,attribute","přisuzovat,atribut","ˈætɹɪbjˌuːt,ˈætɹɪbjˌuːt"
"6814,6841","mutter,mutter","reptat,mumlat","mˈʌɾɚ,mˈʌɾɚ"
"6874,6877","ban,ban","zakázat,zákaz","bˈæn,bˈæn"
"6984,6985","peel,peel","kůra,loupat","pˈiːl,pˈiːl"
"7040,7041","pitch,pitch","hřiště,hodit","pˈɪtʃ,pˈɪtʃ"
"7175,7176","implement,implement","uskutečnit,nářadí","ˈɪmplɪmənt,ˈɪmplɪmənt"
"7199,8621","imperative,imperative","imperativ,rozkazovací","ɪmpˈɛɹətˌɪv,ɪmpˈɛɹətˌɪv"
"7307,7331","hijack,hijack","unést,únos","hˈaɪdʒæk,hˈaɪdʒæk"
"7314,8132,8133","humble,humble,humble","pokořit,pokořit,pokorný","hˈʌmbəl,hˈʌmbəl,hˈʌmbəl"
"7385,7386","leak,leak","prosakovat,unikat","lˈiːk,lˈiːk"
"7412,7413","manual,manual","manuál,manuální","mˈænjuːəl,mˈænjuːəl"
"7414,7415","manufacture,manufacture","výroba,vyrobit","mˌænjuːfˈæktʃɚ,mˌænjuːfˈæktʃɚ"
"7489,7490","insult,insult","urážka,urazit","ˈɪnsʌlt,ˈɪnsʌlt"
"7492,7493","intellectual,intellectual","intelektuální,intelektuál","ˌɪntəlˈɛktʃuːəl,ˌɪntəlˈɛktʃuːəl"
"7536,9448,9449","lark,lark,lark","skřivan,skřivan,legrace","lˈɑːɹk,lˈɑːɹk,lˈɑːɹk"
"7567,7585","honk,honk","troubit,troubení","hˈɔŋk,hˈɔŋk"
"7570,7571","quip,quip","vtípek,vtípkovat","kwˈɪp,kwˈɪp"
"7598,7605","obscure,obscure","zatemnit,obskurní","əbskjˈʊɹ,əbskjˈʊɹ"
"7682,8484,8485","lapse,lapse,lapse","chyba,selhat,chyba","lˈæps,lˈæps,lˈæps"
"7690,7691","twitch,twitch","škubnutí,trhnout","twˈɪtʃ,twˈɪtʃ"
"7700,7701","bribe,bribe","úplatek,uplácet","bɹˈaɪb,bɹˈaɪb"
"7733,7772","gape,gape","zívat,okounět","ɡˈeɪp,ɡˈeɪp"
"7747,7942","clutch,clutch","spojka,sevřít","klˈʌtʃ,klˈʌtʃ"
"7761,7762","grounds,grounds","důvody,pozemky","ɡɹˈaʊndz,ɡɹˈaʊndz"
"7805,7806","tinker,tinker","dráteník,fušovat","tˈɪŋkɚ,tˈɪŋkɚ"
"7829,7846","chill,chill","chladit,chlad","tʃˈɪl,tʃˈɪl"
"7856,7866","torment,torment","trápení,trápit","tˈɔːɹmɛnt,tˈɔːɹmɛnt"
"7861,7862","elaborate,elaborate","rozpracovat,propracovaný","ᵻlˈæbɚɹˌeɪt,ᵻlˈæbɚɹˌeɪt"
"7903,7910","con,con","ošidit,podvod","kˈɑːn,kˈɑːn"
"7951,7952","dismay,dismay","vyděsit,zděšení","dɪsmˈeɪ,dɪsmˈeɪ"
"8036,8046","rumble,rumble","rachotit,rachot","ɹˈʌmbəl,ɹˈʌmbəl"
"8096,8097","sacrifice,sacrifice","obětovat,oběť","sˈækɹᵻfˌaɪs,sˈækɹᵻfˌaɪs"
"8101,8117","plaster,plaster","omítka,omítat","plˈæstɚ,plˈæstɚ"
"8136,8330","plunge,plunge","výpad,ponořit se","plˈʌndʒ,plˈʌndʒ"
"8142,8143","charter,charter","pronájem,charta","tʃˈɑːɹɾɚ,tʃˈɑːɹɾɚ"
"8169,8198","sprout,sprout","výhonek,pučet","spɹˈaʊt,spɹˈaʊt"
"8223,8699,9380","envisage,envisage,envisage","předpokládat,předvídat,předvídat","ɛnvˈɪzɪdʒ,ɛnvˈɪzɪdʒ,ɛnvˈɪzɪdʒ"
"8347,8348","numb,numb","otupit,otupělý","nˈʌm,nˈʌm"
"8361,8362","hack,hack","zaseknout,zásek","hˈæk,hˈæk"
"8370,8372","rustle,rustle","šustit,šustění","ɹˈʌsəl,ɹˈʌsəl"
"8400,8401","stray,stray","loudit,zbloudilý","stɹˈeɪ,stɹˈeɪ"
"8410,8411","slack,slack","flákat se,ochablý","slˈæk,slˈæk"
"8430,8431","tangle,tangle","zamotat,spleť","tˈæŋɡəl,tˈæŋɡəl"
"8452,8497","relapse,relapse","relapsu,recidivovat","ɹᵻlˈæps,ɹᵻlˈæps"
"8465,8467","batter,batter","tlouci,těsto","bˈæɾɚ,bˈæɾɚ"
"8495,8496","prop,prop","opírat,podpěra","pɹˈɑːp,pɹˈɑːp"
"8502,8504","gush,gush","tryskat,příval","ɡˈʌʃ,ɡˈʌʃ"
"8520,8521","strap,strap","připoutat,popruh","stɹˈæp,stɹˈæp"
"8537,8538","convict,convict","odsoudit,odsouzenec","kˈɑːnvɪkt,kˈɑːnvɪkt"
"8543,8544","fiddle,fiddle","housle,houslit","fˈɪdəl,fˈɪdəl"
"8558,8559","recess,recess","odložit,výklenek","ɹˈiːsɛs,ɹˈiːsɛs"
"8569,8570","fanatic,fanatic","fanatický,fanatik","fɐnˈæɾɪk,fɐnˈæɾɪk"
"8571,8572","premier,premier","premiový,premiér","pɹəmˈɪɹ,pɹəmˈɪɹ"
"8659,8667","echo,echo","echo,ozývat se","ˈɛkoʊ,ˈɛkoʊ"
"8708,8709","brood,brood","mláďata,dumat","bɹˈuːd,bɹˈuːd"
"8711,8712","blight,blight","mařit,plíseň","blˈaɪt,blˈaɪt"
"8735,8736","quiver,quiver","toulec,třást se","kwˈɪvɚ,kwˈɪvɚ"
"8781,8838","dribble,dribble","kapat,driblovat","dɹˈɪbəl,dɹˈɪbəl"
"8936,8937","huddle,huddle","shluk,tulit se","hˈʌdəl,hˈʌdəl"
"8983,9008","trifle,trifle","zahrávat si,maličkost","tɹˈaɪfəl,tɹˈaɪfəl"
"9103,9104","rebuke,rebuke","pokárání,pokárat","ɹᵻbjˈuːk,ɹᵻbjˈuːk"
"9214,9215","diffuse,diffuse","rozptýlit,šířit","dᵻfjˈuːz,dᵻfjˈuːz"
"9353,9354","repose,repose","odpočinek,odpočívat","ɹᵻpˈoʊz,ɹᵻpˈoʊz"
"9403,9404","conjecture,conjecture","dohad,domnívat se","kəndʒˈɛktʃɚ,kəndʒˈɛktʃɚ"
"9460,9461","merit,merit","zásluhy,zasloužit si","mˈɛɹɪt,mˈɛɹɪt"
"9539,9540","herald,herald","hlasatel,ohlašovat","hˈɛɹəld,hˈɛɹəld"
"9553,9583","rebound,rebound","odraz,odskočit","ɹᵻbˈaʊnd,ɹᵻbˈaʊnd"
"9556,9557","perch,perch","hřad,okoun","pˈɜːtʃ,pˈɜːtʃ"
